"month_year","sampleid","roost_site","processing_date","bat_species","bat_sex","bat_age_class","bat_weight_g","bat_forearm_mm","meglastreblidae","bat_flies","mass_forearm_residual","mean_Hday","lag_temp","lag_precip"
2014-10-01,"MIZ4","Maromizaha_Rmad",2014-10-03,"Rousettus madagascariensis","male","A",70,70.6,NA,5,6.580045416,55.32325,18.90573,0.017898545
2014-10-01,"MIZ6","Maromizaha_Rmad",2014-10-03,"Rousettus madagascariensis","male","A",70,71.9,NA,3,4.450067515,55.32325,18.90573,0.017898545
2014-10-01,"MIZ7","Maromizaha_Rmad",2014-10-03,"Rousettus madagascariensis","male","A",33,64.4,NA,9,-20.69761638,55.32325,18.90573,0.017898545
2014-10-01,"MIZ19","Maromizaha_Rmad",2014-10-04,"Rousettus madagascariensis","male","A",65,69.5,NA,4,3.357695285,55.32325,18.90573,0.017898545
2014-10-01,"MIZ22","Maromizaha_Rmad",2014-10-04,"Rousettus madagascariensis","female","NL",65,71,NA,9,8.58436631,55.32325,18.90573,0.017898545
2014-10-01,"MIZ23","Maromizaha_Rmad",2014-10-04,"Rousettus madagascariensis","female","NL",60,70.5,NA,5,4.188788339,55.32325,18.90573,0.017898545
2014-10-01,"MIZ25","Maromizaha_Rmad",2014-10-04,"Rousettus madagascariensis","male","A",62,67.5,NA,16,3.531690595,55.32325,18.90573,0.017898545
2014-10-01,"MIZ28","Maromizaha_Rmad",2014-10-04,"Rousettus madagascariensis","male","A",63,72.3,NA,13,-3.211640962,55.32325,18.90573,0.017898545
2014-10-01,"MIZ1","Maromizaha_Rmad",2014-10-03,"Rousettus madagascariensis","male","A",60.5,72.5,NA,10,-6.043610509,55.32325,18.90573,0.017898545
2014-10-01,"MIZ3","Maromizaha_Rmad",2014-10-03,"Rousettus madagascariensis","male","A",70,73.5,NA,14,1.785404192,55.32325,18.90573,0.017898545
2014-10-01,"MIZ2","Maromizaha_Rmad",2014-10-03,"Rousettus madagascariensis","male","A",35,59.5,NA,5,-11.52988135,55.32325,18.90573,0.017898545
2014-10-01,"MIZ5","Maromizaha_Rmad",2014-10-03,"Rousettus madagascariensis","male","A",60,73.5,NA,8,-8.214595808,55.32325,18.90573,0.017898545
2014-10-01,"MIZ9","Maromizaha_Rmad",2014-10-04,"Rousettus madagascariensis","male","A",65,70,NA,8,2.552477288,55.32325,18.90573,0.017898545
2014-10-01,"MIZ11","Maromizaha_Rmad",2014-10-04,"Rousettus madagascariensis","male","A",68,74.5,NA,15,-1.904108499,55.32325,18.90573,0.017898545
2014-10-01,"MIZ12","Maromizaha_Rmad",2014-10-04,"Rousettus madagascariensis","female","NL",72,76,NA,6,9.418412291,55.32325,18.90573,0.017898545
2014-10-01,"MIZ13","Maromizaha_Rmad",2014-10-04,"Rousettus madagascariensis","male","A",65,72.5,NA,9,-1.543610509,55.32325,18.90573,0.017898545
2014-10-01,"MIZ21","Maromizaha_Rmad",2014-10-04,"Rousettus madagascariensis","female","NL",45,65.5,NA,8,-4.891626788,55.32325,18.90573,0.017898545
2014-10-01,"MIZ24","Maromizaha_Rmad",2014-10-04,"Rousettus madagascariensis","male","A",66,72.6,NA,4,-0.709873939,55.32325,18.90573,0.017898545
2014-10-01,"MIZ26","Maromizaha_Rmad",2014-10-04,"Rousettus madagascariensis","male","A",62,70.4,NA,6,-1.095063321,55.32325,18.90573,0.017898545
2014-10-01,"MIZ27","Maromizaha_Rmad",2014-10-04,"Rousettus madagascariensis","female","NL",62,66.5,NA,2,10.94277515,55.32325,18.90573,0.017898545
2014-10-01,"MIZ29","Maromizaha_Rmad",2014-10-04,"Rousettus madagascariensis","male","A",62,70.5,NA,10,-1.257415581,55.32325,18.90573,0.017898545
2014-10-01,"MIZ30","Maromizaha_Rmad",2014-10-04,"Rousettus madagascariensis","male","A",56,70.5,NA,0,-7.257415581,55.32325,18.90573,0.017898545
2014-10-01,"MIZ8","Maromizaha_Rmad",2014-10-04,"Rousettus madagascariensis","female","NL",68,66.8,NA,6,16.59129405,55.32325,18.90573,0.017898545
2014-10-01,"MIZ10","Maromizaha_Rmad",2014-10-04,"Rousettus madagascariensis","male","A",65,71.6,NA,8,-0.05560446,55.32325,18.90573,0.017898545
2014-10-01,"MIZ14","Maromizaha_Rmad",2014-10-04,"Rousettus madagascariensis","female","NL",53,71.2,NA,7,-3.65802879,55.32325,18.90573,0.017898545
2014-10-01,"MIZ15","Maromizaha_Rmad",2014-10-04,"Rousettus madagascariensis","male","A",65,69.5,NA,0,3.357695285,55.32325,18.90573,0.017898545
2014-10-01,"MIZ16","Maromizaha_Rmad",2014-10-04,"Rousettus madagascariensis","male","A",60,75.8,NA,18,-12.12809559,55.32325,18.90573,0.017898545
2014-10-01,"MIZ17","Maromizaha_Rmad",2014-10-04,"Rousettus madagascariensis","female","NL",61,68,NA,6,8.177103449,55.32325,18.90573,0.017898545
2014-10-01,"MIZ18","Maromizaha_Rmad",2014-10-04,"Rousettus madagascariensis","male","A",52,66.5,NA,8,-4.909528891,55.32325,18.90573,0.017898545
2014-10-01,"MIZ20","Maromizaha_Rmad",2014-10-04,"Rousettus madagascariensis","male","A",61,70.3,NA,13,-1.932897853,55.32325,18.90573,0.017898545
2014-12-01,"MIZ35","Maromizaha_Rmad",2014-12-12,"Rousettus madagascariensis","female","P",70,70.6,NA,7,14.06808311,63.56993,22.40386,0.35950032
2014-12-01,"MIZ36","Maromizaha_Rmad",2014-12-12,"Rousettus madagascariensis","female","P",70,73,NA,11,11.14439986,63.56993,22.40386,0.35950032
2014-12-01,"MIZ37","Maromizaha_Rmad",2014-12-12,"Rousettus madagascariensis","male","A",66,73,NA,7,-1.376784242,63.56993,22.40386,0.35950032
2014-12-01,"MIZ39","Maromizaha_Rmad",2014-12-12,"Rousettus madagascariensis","male","A",70,68.9,NA,10,9.317777096,63.56993,22.40386,0.35950032
2014-12-01,"MIZ42","Maromizaha_Rmad",2014-12-12,"Rousettus madagascariensis","female","L",60,70.1,NA,14,4.670711528,63.56993,22.40386,0.35950032
2014-12-01,"MIZ44","Maromizaha_Rmad",2014-12-12,"Rousettus madagascariensis","male","A",69,72.5,NA,2,2.456389491,63.56993,22.40386,0.35950032
2014-12-01,"MIZ38","Maromizaha_Rmad",2014-12-12,"Rousettus madagascariensis","male","A",70,72.7,NA,18,3.123676924,63.56993,22.40386,0.35950032
2014-12-01,"MIZ40","Maromizaha_Rmad",2014-12-12,"Rousettus madagascariensis","male","A",62,71.5,NA,7,-2.891200776,63.56993,22.40386,0.35950032
2014-12-01,"MIZ41","Maromizaha_Rmad",2014-12-12,"Rousettus madagascariensis","male","A",65,73.5,NA,17,-3.214595808,63.56993,22.40386,0.35950032
2014-12-01,"MIZ31","Maromizaha_Rmad",2014-12-12,"Rousettus madagascariensis","female","P",71,68.5,NA,13,17.5839722,63.56993,22.40386,0.35950032
2014-12-01,"MIZ32","Maromizaha_Rmad",2014-12-12,"Rousettus madagascariensis","female","P",90,74.9,NA,17,28.79373199,63.56993,22.40386,0.35950032
2014-12-01,"MIZ33","Maromizaha_Rmad",2014-12-12,"Rousettus madagascariensis","male","A",70,70.9,NA,6,6.091308453,63.56993,22.40386,0.35950032
2014-12-01,"MIZ34","Maromizaha_Rmad",2014-12-12,"Rousettus madagascariensis","male","A",68,72.5,NA,21,1.456389491,63.56993,22.40386,0.35950032
2014-12-01,"MIZ61","Maromizaha_Rmad",2014-12-13,"Rousettus madagascariensis","male","A",75,72.5,NA,4,8.456389491,63.56993,22.40386,0.35950032
2014-12-01,"MIZ49","Maromizaha_Rmad",2014-12-13,"Rousettus madagascariensis","female","P",73,71.5,NA,7,15.97770903,63.56993,22.40386,0.35950032
2014-12-01,"MIZ52","Maromizaha_Rmad",2014-12-13,"Rousettus madagascariensis","female","P",70,69.4,NA,15,15.51061151,63.56993,22.40386,0.35950032
2014-12-01,"MIZ53","Maromizaha_Rmad",2014-12-13,"Rousettus madagascariensis","female","P",85,71.8,NA,8,27.61264485,63.56993,22.40386,0.35950032
2014-12-01,"MIZ54","Maromizaha_Rmad",2014-12-13,"Rousettus madagascariensis","male","A",58,71.5,NA,15,-6.891200776,63.56993,22.40386,0.35950032
2014-12-01,"MIZ56","Maromizaha_Rmad",2014-12-13,"Rousettus madagascariensis","female","L",65,72.5,NA,8,6.757718471,63.56993,22.40386,0.35950032
2014-12-01,"MIZ45","Maromizaha_Rmad",2014-12-12,"Rousettus madagascariensis","female","P",70,71.7,NA,18,12.73442193,63.56993,22.40386,0.35950032
2014-12-01,"MIZ47","Maromizaha_Rmad",2014-12-13,"Rousettus madagascariensis","male","A",60,70.4,NA,19,-3.095063321,63.56993,22.40386,0.35950032
2014-12-01,"MIZ51","Maromizaha_Rmad",2014-12-13,"Rousettus madagascariensis","female","P",79,70.5,NA,15,23.18878834,63.56993,22.40386,0.35950032
2014-12-01,"MIZ46","Maromizaha_Rmad",2014-12-13,"Rousettus madagascariensis","female","L",60,69.7,NA,15,5.151195449,63.56993,22.40386,0.35950032
2014-12-01,"MIZ50","Maromizaha_Rmad",2014-12-13,"Rousettus madagascariensis","male","A",70,73.8,NA,13,1.28049359,63.56993,22.40386,0.35950032
2014-12-01,"MIZ55","Maromizaha_Rmad",2014-12-13,"Rousettus madagascariensis","male","A",50,67,NA,10,-7.686562223,63.56993,22.40386,0.35950032
2014-12-01,"MIZ63","Maromizaha_Rmad",2014-12-13,"Rousettus madagascariensis","female","P",60,67,NA,11,8.356512996,63.56993,22.40386,0.35950032
2014-12-01,"MIZ59","Maromizaha_Rmad",2014-12-13,"Rousettus madagascariensis","male","A",65,70.4,NA,0,1.904936679,63.56993,22.40386,0.35950032
2014-12-01,"MIZ60","Maromizaha_Rmad",2014-12-13,"Rousettus madagascariensis","male","A",60,67.5,NA,14,1.531690595,63.56993,22.40386,0.35950032
2014-12-01,"MIZ62","Maromizaha_Rmad",2014-12-13,"Rousettus madagascariensis","male","A",70,71.5,NA,7,5.108799224,63.56993,22.40386,0.35950032
2014-12-01,"MIZ58","Maromizaha_Rmad",2014-12-13,"Rousettus madagascariensis","female","P",NA,NA,NA,0,NA,63.56993,22.40386,0.35950032
2015-04-01,"MIZ67","Maromizaha_Rmad",2015-04-25,"Rousettus madagascariensis","male","A",70,70.8,NA,7,6.254407383,62.72903,22.60504,0.4942818
2015-04-01,"MIZ68","Maromizaha_Rmad",2015-04-25,"Rousettus madagascariensis","female","NL",50,70.8,NA,8,-6.173596229,62.72903,22.60504,0.4942818
2015-04-01,"MIZ79","Maromizaha_Rmad",2015-04-25,"Rousettus madagascariensis","male","A",74,71.6,NA,22,8.94439554,62.72903,22.60504,0.4942818
2015-04-01,"MIZ74","Maromizaha_Rmad",2015-04-25,"Rousettus madagascariensis","male","A",60,69.9,NA,16,-2.28610492,62.72903,22.60504,0.4942818
2015-04-01,"MIZ64","Maromizaha_Rmad",2015-04-25,"Rousettus madagascariensis","female","NL",55,69.7,NA,22,0.151195449,62.72903,22.60504,0.4942818
2015-04-01,"MIZ65","Maromizaha_Rmad",2015-04-25,"Rousettus madagascariensis","male","A",67,69.71,NA,2,5.020073532,62.72903,22.60504,0.4942818
2015-04-01,"MIZ69","Maromizaha_Rmad",2015-04-25,"Rousettus madagascariensis","female","NL",64,74.26,NA,9,3.589069427,62.72903,22.60504,0.4942818
2015-04-01,"MIZ95","Maromizaha_Rmad",2015-04-26,"Rousettus madagascariensis","male","A",35,66.3,NA,0,-21.60003693,62.72903,22.60504,0.4942818
2015-04-01,"MIZ87","Maromizaha_Rmad",2015-04-26,"Rousettus madagascariensis","male","A",40,70.3,NA,6,-22.93289785,62.72903,22.60504,0.4942818
2015-04-01,"MIZ93","Maromizaha_Rmad",2015-04-26,"Rousettus madagascariensis","female","NL",60,71.6,NA,4,2.856110006,62.72903,22.60504,0.4942818
2015-04-01,"MIZ88","Maromizaha_Rmad",2015-04-26,"Rousettus madagascariensis","male","A",60,73.77,NA,16,-8.668940351,62.72903,22.60504,0.4942818
2015-04-01,"MIZ94","Maromizaha_Rmad",2015-04-26,"Rousettus madagascariensis","female","NL",62,71.9,NA,13,4.490778845,62.72903,22.60504,0.4942818
2015-04-01,"MIZ82","Maromizaha_Rmad",2015-04-26,"Rousettus madagascariensis","male","A",68,74.64,NA,18,-2.142116054,62.72903,22.60504,0.4942818
2015-04-01,"MIZ85","Maromizaha_Rmad",2015-04-26,"Rousettus madagascariensis","male","A",75,68.4,NA,3,15.11268792,62.72903,22.60504,0.4942818
2015-04-01,"MIZ86","Maromizaha_Rmad",2015-04-26,"Rousettus madagascariensis","female","NL",60,73.2,NA,21,0.898454362,62.72903,22.60504,0.4942818
2015-04-01,"MIZ81","Maromizaha_Rmad",2015-04-26,"Rousettus madagascariensis","female","NL",55,71.1,NA,10,-1.536786565,62.72903,22.60504,0.4942818
2015-04-01,"MIZ70","Maromizaha_Rmad",2015-04-25,"Rousettus madagascariensis","male","A",65,72.1,NA,12,-0.880414824,62.72903,22.60504,0.4942818
2015-04-01,"MIZ71","Maromizaha_Rmad",2015-04-25,"Rousettus madagascariensis","male","A",76,73.4,NA,3,7.953337244,62.72903,22.60504,0.4942818
2015-04-01,"MIZ78","Maromizaha_Rmad",2015-04-25,"Rousettus madagascariensis","female","NL",60,72.8,NA,7,1.389992414,62.72903,22.60504,0.4942818
2015-04-01,"MIZ80","Maromizaha_Rmad",2015-04-25,"Rousettus madagascariensis","male","A",73,74.49,NA,5,3.112878182,62.72903,22.60504,0.4942818
2015-04-01,"MIZ91","Maromizaha_Rmad",2015-04-26,"Rousettus madagascariensis","female","NL",55,69.2,NA,15,0.749770401,62.72903,22.60504,0.4942818
2015-04-01,"MIZ92","Maromizaha_Rmad",2015-04-26,"Rousettus madagascariensis","female","NL",58,71.97,NA,17,0.405419756,62.72903,22.60504,0.4942818
2015-04-01,"MIZ76","Maromizaha_Rmad",2015-04-25,"Rousettus madagascariensis","male","A",70,73.2,NA,20,2.288647335,62.72903,22.60504,0.4942818
2015-04-01,"MIZ66","Maromizaha_Rmad",2015-04-25,"Rousettus madagascariensis","male","A",70,72.8,NA,18,2.957042129,62.72903,22.60504,0.4942818
2015-04-01,"MIZ90","Maromizaha_Rmad",2015-04-26,"Rousettus madagascariensis","female","NL",45,69.75,NA,2,-9.908786197,62.72903,22.60504,0.4942818
2015-04-01,"MIZ83","Maromizaha_Rmad",2015-04-26,"Rousettus madagascariensis","female","NL",65,70.8,NA,7,8.826403771,62.72903,22.60504,0.4942818
2015-04-01,"MIZ84","Maromizaha_Rmad",2015-04-26,"Rousettus madagascariensis","female","NL",52,68,NA,35,-0.822896551,62.72903,22.60504,0.4942818
2015-04-01,"MIZ89","Maromizaha_Rmad",2015-04-26,"Rousettus madagascariensis","male","A",70,75.6,NA,8,-1.783915049,62.72903,22.60504,0.4942818
2015-04-01,"MIZ73","Maromizaha_Rmad",2015-04-25,"Rousettus madagascariensis","female","NL",61,69.41,NA,5,6.498644073,62.72903,22.60504,0.4942818
2015-04-01,"MIZ75","Maromizaha_Rmad",2015-04-25,"Rousettus madagascariensis","female","L",66,72.41,NA,20,7.867880999,62.72903,22.60504,0.4942818
2015-06-01,"MIZ96","Maromizaha_Rmad",2015-06-21,"Rousettus madagascariensis","male","A",87,72.3,NA,5,20.78835904,65.96722,20.81726,0.1045313179
2015-06-01,"MIZ97","Maromizaha_Rmad",2015-06-21,"Rousettus madagascariensis","male","A",45,67.34,NA,4,-13.21763785,65.96722,20.81726,0.1045313179
2016-01-01,"MIZ102","Maromizaha_Rmad",2016-01-22,"Rousettus madagascariensis","male","A",65,67.6,NA,2,6.374776082,67.5938,23.66729,0.3121366
2016-01-01,"MIZ105","Maromizaha_Rmad",2016-01-22,"Rousettus madagascariensis","female","L",50,72.8,NA,19,-8.610007586,67.5938,23.66729,0.3121366
2016-01-01,"MIZ110","Maromizaha_Rmad",2016-01-22,"Rousettus madagascariensis","male","A",55,74.41,NA,5,-14.7512949,67.5938,23.66729,0.3121366
2016-01-01,"MIZ98","Maromizaha_Rmad",2016-01-22,"Rousettus madagascariensis","female","NL",55,70.68,NA,4,-1.028545618,67.5938,23.66729,0.3121366
2016-01-01,"MIZ114","Maromizaha_Rmad",2016-01-22,"Rousettus madagascariensis","male","A",70,71.41,NA,27,5.256603301,67.5938,23.66729,0.3121366
2016-01-01,"MIZ103","Maromizaha_Rmad",2016-01-22,"Rousettus madagascariensis","female","L",60,69.43,NA,23,5.474706484,67.5938,23.66729,0.3121366
2016-01-01,"MIZ104","Maromizaha_Rmad",2016-01-22,"Rousettus madagascariensis","female","NL",60,65.9,NA,4,9.643245112,67.5938,23.66729,0.3121366
2016-01-01,"MIZ106","Maromizaha_Rmad",2016-01-22,"Rousettus madagascariensis","female","NL",50,72.96,NA,6,-8.80645338,67.5938,23.66729,0.3121366
2016-01-01,"MIZ108","Maromizaha_Rmad",2016-01-22,"Rousettus madagascariensis","female","P",70,72.21,NA,12,12.11242968,67.5938,23.66729,0.3121366
2016-01-01,"MIZ109","Maromizaha_Rmad",2016-01-22,"Rousettus madagascariensis","female","NL",60,70.74,NA,2,3.898945198,67.5938,23.66729,0.3121366
2016-01-01,"MIZ111","Maromizaha_Rmad",2016-01-22,"Rousettus madagascariensis","female","L",60,69.79,NA,31,5.043212255,67.5938,23.66729,0.3121366
2016-01-01,"MIZ112","Maromizaha_Rmad",2016-01-22,"Rousettus madagascariensis","female","NL",50,69.83,NA,4,-5.004803716,67.5938,23.66729,0.3121366
2016-01-01,"MIZ99","Maromizaha_Rmad",2016-01-22,"Rousettus madagascariensis","female","NL",44,68.73,NA,12,-9.689632158,67.5938,23.66729,0.3121366
2016-01-01,"MIZ118","Maromizaha_Rmad",2016-01-22,"Rousettus madagascariensis","female","NL",60,69.76,NA,17,5.079214768,67.5938,23.66729,0.3121366
2016-01-01,"MIZ119","Maromizaha_Rmad",2016-01-22,"Rousettus madagascariensis","female","L",60,72.11,NA,4,2.234571011,67.5938,23.66729,0.3121366
2016-01-01,"MIZ123","Maromizaha_Rmad",2016-01-22,"Rousettus madagascariensis","female","L",40,70.02,NA,10,-15.23307642,67.5938,23.66729,0.3121366
2016-01-01,"MIZ127","Maromizaha_Rmad",2016-01-22,"Rousettus madagascariensis","female","L",40,72.34,NA,12,-18.04648664,67.5938,23.66729,0.3121366
2016-01-01,"MIZ131","Maromizaha_Rmad",2016-01-22,"Rousettus madagascariensis","female","L",55,70.61,NA,14,-0.943992341,67.5938,23.66729,0.3121366
2016-01-01,"MIZ101","Maromizaha_Rmad",2016-01-22,"Rousettus madagascariensis","female","NL",50,68.7,NA,8,-3.653917375,67.5938,23.66729,0.3121366
2016-01-01,"MIZ125","Maromizaha_Rmad",2016-01-22,"Rousettus madagascariensis","female","L",40,69.09,NA,4,-14.1188465,67.5938,23.66729,0.3121366
2016-01-01,"MIZ115","Maromizaha_Rmad",2016-01-22,"Rousettus madagascariensis","female","L",40,69.52,NA,28,-14.63305739,67.5938,23.66729,0.3121366
2016-01-01,"MIZ116","Maromizaha_Rmad",2016-01-22,"Rousettus madagascariensis","female","NL",50,72.48,NA,10,-8.217794769,67.5938,23.66729,0.3121366
2016-01-01,"MIZ120","Maromizaha_Rmad",2016-01-22,"Rousettus madagascariensis","female","L",55,70.88,NA,3,-1.270368266,67.5938,23.66729,0.3121366
2016-01-01,"MIZ129","Maromizaha_Rmad",2016-01-22,"Rousettus madagascariensis","female","L",45,72.39,NA,15,-13.10764818,67.5938,23.66729,0.3121366
2016-01-01,"MIZ133","Maromizaha_Rmad",2016-01-22,"Rousettus madagascariensis","female","L",60,75.05,NA,8,-1.3931922,67.5938,23.66729,0.3121366
2016-01-01,"MIZ100","Maromizaha_Rmad",2016-01-22,"Rousettus madagascariensis","female","NL",50,70.09,NA,19,-5.317258817,67.5938,23.66729,0.3121366
2018-02-01,"MIZ146","Maromizaha_Rmad",2018-02-18,"Rousettus madagascariensis","male","A",60,72.5,NA,16,-6.543610509,65.56388,23.29031,0.6460108
2018-02-01,"MIZ150","Maromizaha_Rmad",2018-02-18,"Rousettus madagascariensis","female","NL",50,73.4,NA,7,-9.347843619,65.56388,23.29031,0.6460108
2018-02-01,"MIZ147","Maromizaha_Rmad",2018-02-18,"Rousettus madagascariensis","female","NL",55,71.6,NA,8,-2.143889994,65.56388,23.29031,0.6460108
2018-02-01,"MIZ148","Maromizaha_Rmad",2018-02-18,"Rousettus madagascariensis","male","A",55,69.7,NA,20,-6.963830524,65.56388,23.29031,0.6460108
2018-02-01,"MIZ149","Maromizaha_Rmad",2018-02-18,"Rousettus madagascariensis","female","NL",60,71.4,NA,30,3.09921895,65.56388,23.29031,0.6460108
2018-02-01,"MIZ145","Maromizaha_Rmad",2018-02-18,"Rousettus madagascariensis","female","L",50,69.4,NA,18,-4.489388488,65.56388,23.29031,0.6460108
2018-02-01,"MIZ155","Maromizaha_Rmad",2018-02-19,"Rousettus madagascariensis","female","L",50,71,NA,7,-6.41563369,65.56388,23.29031,0.6460108
2018-02-01,"MIZ157","Maromizaha_Rmad",2018-02-19,"Rousettus madagascariensis","female","L",45,71.2,NA,10,-11.65802879,65.56388,23.29031,0.6460108
2018-02-01,"MIZ159","Maromizaha_Rmad",2018-02-19,"Rousettus madagascariensis","female","L",50,71.5,NA,8,-7.022290966,65.56388,23.29031,0.6460108
2018-02-01,"MIZ162","Maromizaha_Rmad",2018-02-19,"Rousettus madagascariensis","female","NL",45,73.7,NA,12,-14.7179505,65.56388,23.29031,0.6460108
2018-02-01,"MIZ161","Maromizaha_Rmad",2018-02-19,"Rousettus madagascariensis","female","NL",60,70.3,NA,16,4.429929598,65.56388,23.29031,0.6460108
2018-02-01,"MIZ151","Maromizaha_Rmad",2018-02-18,"Rousettus madagascariensis","male","A",60,72.5,NA,27,-6.543610509,65.56388,23.29031,0.6460108
2018-02-01,"MIZ152","Maromizaha_Rmad",2018-02-18,"Rousettus madagascariensis","female","NL",48,68.8,NA,12,-5.772998428,65.56388,23.29031,0.6460108
2018-02-01,"MIZ136","Maromizaha_Rmad",2018-02-18,"Rousettus madagascariensis","female","L",60,67.9,NA,6,7.295456157,65.56388,23.29031,0.6460108
2018-02-01,"MIZ138","Maromizaha_Rmad",2018-02-18,"Rousettus madagascariensis","female","NL",60,73.2,NA,31,0.898454362,65.56388,23.29031,0.6460108
2018-02-01,"MIZ139","Maromizaha_Rmad",2018-02-18,"Rousettus madagascariensis","female","NL",50,64.1,NA,4,1.724586735,65.56388,23.29031,0.6460108
2018-02-01,"MIZ140","Maromizaha_Rmad",2018-02-18,"Rousettus madagascariensis","female","L",60,64.9,NA,5,10.8032768,65.56388,23.29031,0.6460108
2018-02-01,"MIZ142","Maromizaha_Rmad",2018-02-18,"Rousettus madagascariensis","male","A",60,71.3,NA,29,-4.562952193,65.56388,23.29031,0.6460108
2018-02-01,"MIZ143","Maromizaha_Rmad",2018-02-18,"Rousettus madagascariensis","female","NL",50,63.4,NA,2,2.525806103,65.56388,23.29031,0.6460108
2018-02-01,"MIZ163","Maromizaha_Rmad",2018-02-19,"Rousettus madagascariensis","female","NL",30,54.6,NA,5,-7.804575435,65.56388,23.29031,0.6460108
2018-02-01,"MIZ154","Maromizaha_Rmad",2018-02-19,"Rousettus madagascariensis","female","L",50,71,NA,20,-6.41563369,65.56388,23.29031,0.6460108
2018-04-01,"MIZ166","Maromizaha_Rmad",2018-04-13,"Rousettus madagascariensis","female","NL",35,70,NA,20,-20.20903241,69.63409,23.08734,0.51956719
2018-04-01,"MIZ169","Maromizaha_Rmad",2018-04-13,"Rousettus madagascariensis","male","A",60,72.7,NA,7,-6.876323076,69.63409,23.08734,0.51956719
2018-04-01,"MIZ164","Maromizaha_Rmad",2018-04-13,"Rousettus madagascariensis","male","A",65,74.5,NA,19,-4.904108499,69.63409,23.08734,0.51956719
2018-04-01,"MIZ174","Maromizaha_Rmad",2018-04-13,"Rousettus madagascariensis","male","A",75,73.5,NA,11,6.785404192,69.63409,23.08734,0.51956719
2018-04-01,"MIZ177","Maromizaha_Rmad",2018-04-13,"Rousettus madagascariensis","female","NL",55,74.2,NA,17,-5.336551253,69.63409,23.08734,0.51956719
2018-04-01,"MIZ172","Maromizaha_Rmad",2018-04-13,"Rousettus madagascariensis","male","A",60,67.3,NA,10,1.844954704,69.63409,23.08734,0.51956719
2018-04-01,"MIZ173","Maromizaha_Rmad",2018-04-13,"Rousettus madagascariensis","female","NL",60,70.1,NA,15,4.670711528,69.63409,23.08734,0.51956719
2018-04-01,"MIZ180","Maromizaha_Rmad",2018-04-14,"Rousettus madagascariensis","male","A",80,73.5,NA,9,11.78540419,69.63409,23.08734,0.51956719
2018-04-01,"MIZ182","Maromizaha_Rmad",2018-04-14,"Rousettus madagascariensis","male","A",70,71.2,NA,19,5.600892608,69.63409,23.08734,0.51956719
2018-04-01,"MIZ183","Maromizaha_Rmad",2018-04-14,"Rousettus madagascariensis","male","A",60,74,NA,14,-9.05703921,69.63409,23.08734,0.51956719
2018-04-01,"MIZ186","Maromizaha_Rmad",2018-04-14,"Rousettus madagascariensis","male","A",55,73.8,NA,29,-13.71950641,69.63409,23.08734,0.51956719
2018-04-01,"MIZ184","Maromizaha_Rmad",2018-04-14,"Rousettus madagascariensis","female","NL",55,72.5,NA,5,-3.242281529,69.63409,23.08734,0.51956719
2018-04-01,"MIZ178","Maromizaha_Rmad",2018-04-14,"Rousettus madagascariensis","male","A",65,71.8,NA,11,-0.384970364,69.63409,23.08734,0.51956719
2018-04-01,"MIZ181","Maromizaha_Rmad",2018-04-14,"Rousettus madagascariensis","male","A",60,67.6,NA,16,1.374776082,69.63409,23.08734,0.51956719
2018-04-01,"MIZ185","Maromizaha_Rmad",2018-04-14,"Rousettus madagascariensis","male","A",65,72.1,NA,23,-0.880414824,69.63409,23.08734,0.51956719
2018-04-01,"MIZ187","Maromizaha_Rmad",2018-04-14,"Rousettus madagascariensis","female","NL",65,69.7,NA,8,10.15119545,69.63409,23.08734,0.51956719
2018-04-01,"MIZ165","Maromizaha_Rmad",2018-04-13,"Rousettus madagascariensis","female","NL",55,68.9,NA,20,1.107829761,69.63409,23.08734,0.51956719
2018-04-01,"MIZ168","Maromizaha_Rmad",2018-04-13,"Rousettus madagascariensis","female","NL",55,73.2,NA,16,-4.101545638,69.63409,23.08734,0.51956719
2018-04-01,"MIZ167","Maromizaha_Rmad",2018-04-13,"Rousettus madagascariensis","female","NL",60,72,NA,15,2.368823963,69.63409,23.08734,0.51956719
2018-04-01,"MIZ179","Maromizaha_Rmad",2018-04-14,"Rousettus madagascariensis","male","A",75,74.3,NA,13,5.435273944,69.63409,23.08734,0.51956719
2018-04-01,"MIZ171","Maromizaha_Rmad",2018-04-13,"Rousettus madagascariensis","male","A",65,69.7,NA,10,3.036169476,69.63409,23.08734,0.51956719
2018-04-01,"MIZ170","Maromizaha_Rmad",2018-04-13,"Rousettus madagascariensis","male","A",55,66.9,NA,3,-2.530778235,69.63409,23.08734,0.51956719
2018-04-01,"MIZ175","Maromizaha_Rmad",2018-04-13,"Rousettus madagascariensis","female","NL",60,76.1,NA,10,-2.707137227,69.63409,23.08734,0.51956719
2018-07-01,"MIZ189","Maromizaha_Rmad",2018-07-29,"Rousettus madagascariensis","female","NL",60,74.6,NA,7,-0.833008164,66.29733,19.1766,0.0219306517
2018-07-01,"MIZ188","Maromizaha_Rmad",2018-07-29,"Rousettus madagascariensis","male","A",55,69.7,NA,12,-6.963830524,66.29733,19.1766,0.0219306517
2018-07-01,"MIZ198","Maromizaha_Rmad",2018-07-29,"Rousettus madagascariensis","male","A",60,69.1,NA,13,-1.001500495,66.29733,19.1766,0.0219306517
2018-07-01,"MIZ199","Maromizaha_Rmad",2018-07-29,"Rousettus madagascariensis","female","NL",50,67.1,NA,7,-1.761015431,66.29733,19.1766,0.0219306517
2018-07-01,"MIZ200","Maromizaha_Rmad",2018-07-29,"Rousettus madagascariensis","male","A",60,70.4,NA,10,-3.095063321,66.29733,19.1766,0.0219306517
2018-07-01,"MIZ201","Maromizaha_Rmad",2018-07-29,"Rousettus madagascariensis","female","NL",45,63.1,NA,8,-2.132228135,66.29733,19.1766,0.0219306517
2018-07-01,"MIZ202","Maromizaha_Rmad",2018-07-29,"Rousettus madagascariensis","female","NL",55,73.3,NA,8,-4.224650597,66.29733,19.1766,0.0219306517
2018-07-01,"MIZ203","Maromizaha_Rmad",2018-07-29,"Rousettus madagascariensis","female","NL",40,67,NA,4,-11.643487,66.29733,19.1766,0.0219306517
2018-07-01,"MIZ190","Maromizaha_Rmad",2018-07-29,"Rousettus madagascariensis","male","A",60,71.4,NA,10,-4.726983338,66.29733,19.1766,0.0219306517
2018-07-01,"MIZ191","Maromizaha_Rmad",2018-07-29,"Rousettus madagascariensis","male","A",75,70.6,NA,10,11.58004542,66.29733,19.1766,0.0219306517
2018-07-01,"MIZ192","Maromizaha_Rmad",2018-07-29,"Rousettus madagascariensis","female","NL",50,69.2,NA,9,-4.250229599,66.29733,19.1766,0.0219306517
2018-07-01,"MIZ194","Maromizaha_Rmad",2018-07-29,"Rousettus madagascariensis","female","NL",45,68,NA,8,-7.822896551,66.29733,19.1766,0.0219306517
2018-07-01,"MIZ195","Maromizaha_Rmad",2018-07-29,"Rousettus madagascariensis","female","NL",55,71.8,NA,5,-2.387355147,66.29733,19.1766,0.0219306517
2018-07-01,"MIZ196","Maromizaha_Rmad",2018-07-29,"Rousettus madagascariensis","male","A",50,66.1,NA,5,-6.291300696,66.29733,19.1766,0.0219306517
2018-07-01,"MIZ197","Maromizaha_Rmad",2018-07-29,"Rousettus madagascariensis","female","NL",50,69.1,NA,4,-4.130785887,66.29733,19.1766,0.0219306517
2018-07-01,"MIZ212","Maromizaha_Rmad",2018-07-29,"Rousettus madagascariensis","female","NL",50,69.3,NA,12,-4.36976382,66.29733,19.1766,0.0219306517
2018-07-01,"MIZ213","Maromizaha_Rmad",2018-07-29,"Rousettus madagascariensis","male","A",80,72,NA,5,14.28491934,66.29733,19.1766,0.0219306517
2018-07-01,"MIZ207","Maromizaha_Rmad",2018-07-29,"Rousettus madagascariensis","female","NL",40,68.2,NA,2,-13.0598757,66.29733,19.1766,0.0219306517
2018-07-01,"MIZ204","Maromizaha_Rmad",2018-07-29,"Rousettus madagascariensis","male","A",60,69.8,NA,19,-2.124874174,66.29733,19.1766,0.0219306517
2018-07-01,"MIZ205","Maromizaha_Rmad",2018-07-29,"Rousettus madagascariensis","male","A",60,72.6,NA,4,-6.709873939,66.29733,19.1766,0.0219306517
2018-07-01,"MIZ206","Maromizaha_Rmad",2018-07-29,"Rousettus madagascariensis","male","A",50,73.3,NA,9,-17.87891503,66.29733,19.1766,0.0219306517
2018-07-01,"MIZ211","Maromizaha_Rmad",2018-07-29,"Rousettus madagascariensis","male","A",60,69,NA,6,-0.841767947,66.29733,19.1766,0.0219306517
2018-07-01,"MIZ208","Maromizaha_Rmad",2018-07-29,"Rousettus madagascariensis","male","A",45,72.9,NA,3,-22.20977828,66.29733,19.1766,0.0219306517
2018-07-01,"MIZ209","Maromizaha_Rmad",2018-07-29,"Rousettus madagascariensis","male","A",40,71.3,NA,7,-24.56295219,66.29733,19.1766,0.0219306517
2018-07-01,"MIZ210","Maromizaha_Rmad",2018-07-29,"Rousettus madagascariensis","male","A",65,73.2,NA,4,-2.711352665,66.29733,19.1766,0.0219306517
2018-09-01,"MIZ214","Maromizaha_Rmad",2018-09-11,"Rousettus madagascariensis","male","A",65,70.4,NA,2,1.904936679,58.49911,18.86856,0.015472229
2018-09-01,"MIZ215","Maromizaha_Rmad",2018-09-11,"Rousettus madagascariensis","male","A",75,71.3,NA,15,10.43704781,58.49911,18.86856,0.015472229
2018-09-01,"MIZ216","Maromizaha_Rmad",2018-09-11,"Rousettus madagascariensis","male","A",75,70.5,NA,5,11.74258442,58.49911,18.86856,0.015472229
2018-09-01,"MIZ217","Maromizaha_Rmad",2018-09-11,"Rousettus madagascariensis","female","NL",55,69.5,NA,5,0.39089646,58.49911,18.86856,0.015472229
2018-09-01,"MIZ218","Maromizaha_Rmad",2018-09-11,"Rousettus madagascariensis","male","A",75,70.3,NA,14,12.06710215,58.49911,18.86856,0.015472229
2018-09-01,"MIZ228","Maromizaha_Rmad",2018-09-11,"Rousettus madagascariensis","female","P",65,68.5,NA,8,11.5839722,58.49911,18.86856,0.015472229
2018-09-01,"MIZ229","Maromizaha_Rmad",2018-09-11,"Rousettus madagascariensis","female","NL",45,69.1,NA,14,-9.130785887,58.49911,18.86856,0.015472229
2018-09-01,"MIZ230","Maromizaha_Rmad",2018-09-11,"Rousettus madagascariensis","male","A",65,72.3,NA,7,-1.211640962,58.49911,18.86856,0.015472229
2018-09-01,"MIZ235","Maromizaha_Rmad",2018-09-11,"Rousettus madagascariensis","male","A",65,72.9,NA,18,-2.209778276,58.49911,18.86856,0.015472229
2018-09-01,"MIZ236","Maromizaha_Rmad",2018-09-11,"Rousettus madagascariensis","female","NL",55,70.2,NA,4,-0.449634491,58.49911,18.86856,0.015472229
2018-09-01,"MIZ219","Maromizaha_Rmad",2018-09-11,"Rousettus madagascariensis","male","A",70,73.5,NA,9,1.785404192,58.49911,18.86856,0.015472229
2018-09-01,"MIZ220","Maromizaha_Rmad",2018-09-11,"Rousettus madagascariensis","male","A",70,73.8,NA,11,1.28049359,58.49911,18.86856,0.015472229
2018-09-01,"MIZ221","Maromizaha_Rmad",2018-09-11,"Rousettus madagascariensis","male","A",70,72.3,NA,8,3.788359038,58.49911,18.86856,0.015472229
2018-09-01,"MIZ222","Maromizaha_Rmad",2018-09-11,"Rousettus madagascariensis","female","NL",60,70.9,NA,8,3.705429775,58.49911,18.86856,0.015472229
2018-09-01,"MIZ223","Maromizaha_Rmad",2018-09-11,"Rousettus madagascariensis","female","NL",60,66.3,NA,5,9.176634803,58.49911,18.86856,0.015472229
2018-09-01,"MIZ224","Maromizaha_Rmad",2018-09-11,"Rousettus madagascariensis","male","A",65,72.6,NA,16,-1.709873939,58.49911,18.86856,0.015472229
2018-09-01,"MIZ226","Maromizaha_Rmad",2018-09-11,"Rousettus madagascariensis","male","A",70,74,NA,12,0.94296079,58.49911,18.86856,0.015472229
2018-09-01,"MIZ227","Maromizaha_Rmad",2018-09-11,"Rousettus madagascariensis","female","P",55,67.4,NA,20,2.885848476,58.49911,18.86856,0.015472229
2018-09-01,"MIZ240","Maromizaha_Rmad",2018-09-11,"Rousettus madagascariensis","male","A",50,73.9,NA,3,-18.88818027,58.49911,18.86856,0.015472229
2018-09-01,"MIZ237","Maromizaha_Rmad",2018-09-11,"Rousettus madagascariensis","male","A",65,73.2,NA,3,-2.711352665,58.49911,18.86856,0.015472229
2018-09-01,"MIZ238","Maromizaha_Rmad",2018-09-11,"Rousettus madagascariensis","female","NL",45,73.2,NA,7,-14.10154564,58.49911,18.86856,0.015472229
2018-09-01,"MIZ239","Maromizaha_Rmad",2018-09-11,"Rousettus madagascariensis","male","A",60,76.8,NA,5,-13.86004264,58.49911,18.86856,0.015472229
2018-09-01,"MIZ241","Maromizaha_Rmad",2018-09-12,"Rousettus madagascariensis","female","NL",55,70.7,NA,9,-1.052711763,58.49911,18.86856,0.015472229
2018-09-01,"MIZ242","Maromizaha_Rmad",2018-09-12,"Rousettus madagascariensis","male","A",60,68.8,NA,6,-0.522865418,58.49911,18.86856,0.015472229
2018-12-01,"MIZ246","Maromizaha_Rmad",2018-12-20,"Rousettus madagascariensis","male","A",39,70.2,NA,5,-23.77091923,62.00092,22.27816,0.13275281
2018-12-01,"MIZ249","Maromizaha_Rmad",2018-12-20,"Rousettus madagascariensis","female","L",42,68.5,NA,23,-11.4160278,62.00092,22.27816,0.13275281
2018-12-01,"MIZ250","Maromizaha_Rmad",2018-12-20,"Rousettus madagascariensis","female","L",46,70.1,NA,10,-9.329288472,62.00092,22.27816,0.13275281
2018-12-01,"MIZ247","Maromizaha_Rmad",2018-12-20,"Rousettus madagascariensis","female","L",46,71.9,NA,13,-11.50922115,62.00092,22.27816,0.13275281
2018-12-01,"MIZ248","Maromizaha_Rmad",2018-12-20,"Rousettus madagascariensis","male","A",55,NA,NA,0,NA,62.00092,22.27816,0.13275281
2018-12-01,"MIZ244","Maromizaha_Rmad",2018-12-20,"Rousettus madagascariensis","female","L",59,69.8,NA,14,4.031209614,62.00092,22.27816,0.13275281
2018-12-01,"MIZ245","Maromizaha_Rmad",2018-12-20,"Rousettus madagascariensis","male","A",62,NA,NA,0,NA,62.00092,22.27816,0.13275281
2018-12-01,"MIZ270","Maromizaha_Rmad",2018-12-21,"Rousettus madagascariensis","male","A",42,71.5,NA,9,-22.89120078,62.00092,22.27816,0.13275281
2018-12-01,"MIZ271","Maromizaha_Rmad",2018-12-21,"Rousettus madagascariensis","female","L",35,66.5,NA,12,-16.05722485,62.00092,22.27816,0.13275281
2018-12-01,"MIZ273","Maromizaha_Rmad",2018-12-21,"Rousettus madagascariensis","male","A",64,72.4,NA,6,-2.377532833,62.00092,22.27816,0.13275281
2018-12-01,"MIZ266","Maromizaha_Rmad",2018-12-21,"Rousettus madagascariensis","male","A",62,72.9,NA,8,-5.209778276,62.00092,22.27816,0.13275281
2018-12-01,"MIZ260","Maromizaha_Rmad",2018-12-21,"Rousettus madagascariensis","male","A",26,69,NA,0,-34.84176795,62.00092,22.27816,0.13275281
2018-12-01,"MIZ261","Maromizaha_Rmad",2018-12-21,"Rousettus madagascariensis","female","L",64,71.3,NA,11,7.220639695,62.00092,22.27816,0.13275281
2018-12-01,"MIZ274","Maromizaha_Rmad",2018-12-22,"Rousettus madagascariensis","male","A",38,65.5,NA,0,-17.36963063,62.00092,22.27816,0.13275281
2018-12-01,"MIZ275","Maromizaha_Rmad",2018-12-22,"Rousettus madagascariensis","female","P",62,73.7,NA,5,2.282049504,62.00092,22.27816,0.13275281
2018-12-01,"MIZ253","Maromizaha_Rmad",2018-12-20,"Rousettus madagascariensis","male","A",65,74.3,NA,8,-4.564726056,62.00092,22.27816,0.13275281
2018-12-01,"MIZ254","Maromizaha_Rmad",2018-12-20,"Rousettus madagascariensis","female","L",46,72.1,NA,16,-11.75321974,62.00092,22.27816,0.13275281
2018-12-01,"MIZ262","Maromizaha_Rmad",2018-12-21,"Rousettus madagascariensis","female","L",38,67,NA,5,-13.643487,62.00092,22.27816,0.13275281
2018-12-01,"MIZ265","Maromizaha_Rmad",2018-12-21,"Rousettus madagascariensis","male","A",56,72.2,NA,5,-10.04593494,62.00092,22.27816,0.13275281
2018-12-01,"MIZ267","Maromizaha_Rmad",2018-12-21,"Rousettus madagascariensis","female","L",42,70.4,NA,13,NA,62.00092,22.27816,0.13275281
2018-12-01,"MIZ269","Maromizaha_Rmad",2018-12-21,"Rousettus madagascariensis","male","A",NA,NA,NA,0,NA,62.00092,22.27816,0.13275281
2018-12-01,"MIZ251","Maromizaha_Rmad",2018-12-20,"Rousettus madagascariensis","male","A",59,71.4,NA,9,-5.726983338,62.00092,22.27816,0.13275281
2018-12-01,"MIZ252","Maromizaha_Rmad",2018-12-20,"Rousettus madagascariensis","male","A",42,NA,NA,0,NA,62.00092,22.27816,0.13275281
2019-01-01,"MIZ283","Maromizaha_Rmad",2019-01-03,"Rousettus madagascariensis","female","L",55,74,NA,15,-5.088847895,71.22672,23.39138,0.1071806
2019-01-01,"MIZ277","Maromizaha_Rmad",2019-01-03,"Rousettus madagascariensis","male","A",43,65.5,NA,6,-12.36963063,71.22672,23.39138,0.1071806
2019-01-01,"MIZ291","Maromizaha_Rmad",2019-01-04,"Rousettus madagascariensis","female","NL",52,71.2,NA,2,-4.65802879,71.22672,23.39138,0.1071806
2019-01-01,"MIZ284","Maromizaha_Rmad",2019-01-03,"Rousettus madagascariensis","female","L",48,74,NA,15,-12.0888479,71.22672,23.39138,0.1071806
2019-01-01,"MIZ285","Maromizaha_Rmad",2019-01-03,"Rousettus madagascariensis","female","L",52,64,NA,7,3.839328804,71.22672,23.39138,0.1071806
2019-01-01,"MIZ276","Maromizaha_Rmad",2019-01-03,"Rousettus madagascariensis","female","NL",60,71,NA,23,3.58436631,71.22672,23.39138,0.1071806
2019-01-01,"MIZ278","Maromizaha_Rmad",2019-01-03,"Rousettus madagascariensis","female","L",40,70.8,NA,24,-16.17359623,71.22672,23.39138,0.1071806
2019-01-01,"MIZ279","Maromizaha_Rmad",2019-01-03,"Rousettus madagascariensis","female","L",40,68.9,NA,12,-13.89217024,71.22672,23.39138,0.1071806
2019-01-01,"MIZ280","Maromizaha_Rmad",2019-01-03,"Rousettus madagascariensis","male","A",54,75,NA,9,-16.75579778,71.22672,23.39138,0.1071806
2019-01-01,"MIZ281","Maromizaha_Rmad",2019-01-03,"Rousettus madagascariensis","male","A",55,67.5,NA,5,-3.468309405,71.22672,23.39138,0.1071806
2019-01-01,"MIZ282","Maromizaha_Rmad",2019-01-03,"Rousettus madagascariensis","male","A",55,70.1,NA,17,-7.609127499,71.22672,23.39138,0.1071806
2019-01-01,"MIZ301","Maromizaha_Rmad",2019-01-06,"Rousettus madagascariensis","female","L",53,72.2,1,17,-4.875352194,71.22672,23.39138,0.1071806
2019-01-01,"MIZ302","Maromizaha_Rmad",2019-01-06,"Rousettus madagascariensis","female","L",50,68,1,22,-2.822896551,71.22672,23.39138,0.1071806
2019-01-01,"MIZ303","Maromizaha_Rmad",2019-01-06,"Rousettus madagascariensis","female","L",60,69.3,0,21,5.63023618,71.22672,23.39138,0.1071806
2019-01-01,"MIZ306","Maromizaha_Rmad",2019-01-08,"Rousettus madagascariensis","female","L",80,71.2,0,8,23.34197121,71.22672,23.39138,0.1071806
2019-01-01,"MIZ305","Maromizaha_Rmad",2019-01-08,"Rousettus madagascariensis","female","L",78,73.5,0,11,18.52887535,71.22672,23.39138,0.1071806
2019-01-01,"MIZ292","Maromizaha_Rmad",2019-01-04,"Rousettus madagascariensis","male","A",70,69.8,NA,13,7.875125826,71.22672,23.39138,0.1071806
2019-01-01,"MIZ293","Maromizaha_Rmad",2019-01-04,"Rousettus madagascariensis","male","A",68,74.6,NA,10,-2.074076943,71.22672,23.39138,0.1071806
2019-01-01,"MIZ294","Maromizaha_Rmad",2019-01-04,"Rousettus madagascariensis","male","A",65,73.4,3,16,-3.046662756,71.22672,23.39138,0.1071806
2019-01-01,"MIZ295","Maromizaha_Rmad",2019-01-04,"Rousettus madagascariensis","female","L",54,67.7,0,19,1.531887522,71.22672,23.39138,0.1071806
2019-01-01,"MIZ297","Maromizaha_Rmad",2019-01-05,"Rousettus madagascariensis","male","A",71,70,1,36,8.552477288,71.22672,23.39138,0.1071806
2019-01-01,"MIZ298","Maromizaha_Rmad",2019-01-05,"Rousettus madagascariensis","female","NL",62,67.7,0,6,9.531887522,71.22672,23.39138,0.1071806
2019-01-01,"MIZ299","Maromizaha_Rmad",2019-01-06,"Rousettus madagascariensis","male","A",63,70.7,2,15,-0.582680279,71.22672,23.39138,0.1071806
2019-01-01,"MIZ300","Maromizaha_Rmad",2019-01-06,"Rousettus madagascariensis","female","L",53,68.1,2,14,0.058659476,71.22672,23.39138,0.1071806
2019-01-01,"MIZ318","Maromizaha_Rmad",2019-01-09,"Rousettus madagascariensis","male","A",50,69.4,0,26,-11.48182266,71.22672,23.39138,0.1071806
2019-01-01,"MIZ319","Maromizaha_Rmad",2019-01-09,"Rousettus madagascariensis","male","A",42,71.3,0,9,-22.56295219,71.22672,23.39138,0.1071806
2019-01-01,"MIZ320","Maromizaha_Rmad",2019-01-09,"Rousettus madagascariensis","female","L",91,67.4,0,19,38.88584848,71.22672,23.39138,0.1071806
2019-01-01,"MIZ321","Maromizaha_Rmad",2019-01-09,"Rousettus madagascariensis","female","L",55,67.6,1,6,2.64996605,71.22672,23.39138,0.1071806
2019-01-01,"MIZ322","Maromizaha_Rmad",2019-01-09,"Rousettus madagascariensis","female","L",58,69.9,0,12,2.911133641,71.22672,23.39138,0.1071806
2019-01-01,"MIZ329","Maromizaha_Rmad",2019-01-10,"Rousettus madagascariensis","female","P",65,71.1,0,2,8.463213435,71.22672,23.39138,0.1071806
2019-01-01,"MIZ330","Maromizaha_Rmad",2019-01-10,"Rousettus madagascariensis","female","L",65,70.5,3,4,9.188788339,71.22672,23.39138,0.1071806
2019-01-01,"MIZ331","Maromizaha_Rmad",2019-01-10,"Rousettus madagascariensis","female","L",60,69.3,1,9,5.63023618,71.22672,23.39138,0.1071806
2019-01-01,"MIZ332","Maromizaha_Rmad",2019-01-10,"Rousettus madagascariensis","male","A",70,72,3,11,4.284919345,71.22672,23.39138,0.1071806
2019-01-01,"MIZ333","Maromizaha_Rmad",2019-01-10,"Rousettus madagascariensis","male","A",65,73,0,9,-2.376784242,71.22672,23.39138,0.1071806
2019-01-01,"MIZ334","Maromizaha_Rmad",2019-01-10,"Rousettus madagascariensis","female","L",51,68.7,1,7,-2.653917375,71.22672,23.39138,0.1071806
2019-01-01,"MIZ340","Maromizaha_Rmad",2019-01-31,"Rousettus madagascariensis","female","L",50,66.58,1,14,-1.150872044,71.22672,23.39138,0.1071806
2019-01-01,"MIZ339","Maromizaha_Rmad",2019-01-31,"Rousettus madagascariensis","female","L",55,69.43,1,15,0.474706484,71.22672,23.39138,0.1071806
2019-01-01,"MIZ342","Maromizaha_Rmad",2019-01-31,"Rousettus madagascariensis","female","L",60,69.53,0,13,5.354964329,71.22672,23.39138,0.1071806
2019-01-01,"MIZ338","Maromizaha_Rmad",2019-01-31,"Rousettus madagascariensis","female","L",70,68.71,0,20,16.33417861,71.22672,23.39138,0.1071806
2019-01-01,"MIZ341","Maromizaha_Rmad",2019-01-31,"Rousettus madagascariensis","male","A",83,75.46,2,9,11.45657275,71.22672,23.39138,0.1071806
2019-01-01,"MIZ307","Maromizaha_Rmad",2019-01-08,"Rousettus madagascariensis","female","L",60,68.3,0,12,6.821497987,71.22672,23.39138,0.1071806
2019-01-01,"MIZ308","Maromizaha_Rmad",2019-01-08,"Rousettus madagascariensis","female","L",70,67.1,0,7,18.23898457,71.22672,23.39138,0.1071806
2019-01-01,"MIZ309","Maromizaha_Rmad",2019-01-08,"Rousettus madagascariensis","male","A",85,74.3,0,10,15.43527394,71.22672,23.39138,0.1071806
2019-01-01,"MIZ314","Maromizaha_Rmad",2019-01-09,"Rousettus madagascariensis","female","L",65,68.2,NA,0,11.9401243,71.22672,23.39138,0.1071806
2019-01-01,"MIZ315","Maromizaha_Rmad",2019-01-09,"Rousettus madagascariensis","female","L",40,67.7,0,18,-12.46811248,71.22672,23.39138,0.1071806
2019-01-01,"MIZ316","Maromizaha_Rmad",2019-01-09,"Rousettus madagascariensis","female","L",59,69.7,0,36,4.151195449,71.22672,23.39138,0.1071806
2019-01-01,"MIZ317","Maromizaha_Rmad",2019-01-09,"Rousettus madagascariensis","male","A",43,69.1,0,5,-18.0015005,71.22672,23.39138,0.1071806
2019-02-01,"MIZ362","Maromizaha_Rmad",2019-02-01,"Rousettus madagascariensis","female","L",55,71.13,0,11,-1.573149853,63.67828,24.11413,0.3895114
2019-02-01,"MIZ355","Maromizaha_Rmad",2019-02-01,"Rousettus madagascariensis","female","NL",60,70.25,0,6,4.490158786,63.67828,24.11413,0.3895114
2019-02-01,"MIZ366","Maromizaha_Rmad",2019-02-01,"Rousettus madagascariensis","female","NL",60,74.2,0,18,-0.336551253,63.67828,24.11413,0.3895114
2019-02-01,"MIZ353","Maromizaha_Rmad",2019-02-01,"Rousettus madagascariensis","male","A",60,71.79,NA,19,-5.368484386,63.67828,24.11413,0.3895114
2019-02-01,"MIZ357","Maromizaha_Rmad",2019-02-01,"Rousettus madagascariensis","male","A",75,74.24,0,3,5.536944478,63.67828,24.11413,0.3895114
2019-02-01,"MIZ347","Maromizaha_Rmad",2019-02-01,"Rousettus madagascariensis","male","A",70,69.73,0,22,7.987876029,63.67828,24.11413,0.3895114
2019-02-01,"MIZ363","Maromizaha_Rmad",2019-02-01,"Rousettus madagascariensis","female","L",55,69.7,0,27,0.151195449,63.67828,24.11413,0.3895114
2019-02-01,"MIZ367","Maromizaha_Rmad",2019-02-01,"Rousettus madagascariensis","female","NL",65,73.01,1,30,6.132110963,63.67828,24.11413,0.3895114
2019-02-01,"MIZ361","Maromizaha_Rmad",2019-02-01,"Rousettus madagascariensis","male","A",70,69.2,0,16,8.838579502,63.67828,24.11413,0.3895114
2019-02-01,"MIZ352","Maromizaha_Rmad",2019-02-01,"Rousettus madagascariensis","male","A",78,73.88,0,8,9.145569311,63.67828,24.11413,0.3895114
2019-02-01,"MIZ350","Maromizaha_Rmad",2019-02-01,"Rousettus madagascariensis","female","L",55,70.31,0,2,-0.582118935,63.67828,24.11413,0.3895114
2019-02-01,"MIZ360","Maromizaha_Rmad",2019-02-01,"Rousettus madagascariensis","male","A",55,66.87,0,3,-2.484079815,63.67828,24.11413,0.3895114
2019-02-01,"MIZ369","Maromizaha_Rmad",2019-02-01,"Rousettus madagascariensis","female","L",60,71,0,24,3.58436631,63.67828,24.11413,0.3895114
2019-02-01,"MIZ356","Maromizaha_Rmad",2019-02-01,"Rousettus madagascariensis","male","A",70,69.3,2,15,8.678472098,63.67828,24.11413,0.3895114
2019-02-01,"MIZ359","Maromizaha_Rmad",2019-02-01,"Rousettus madagascariensis","female","L",65,72.82,0,13,6.365449054,63.67828,24.11413,0.3895114
2019-02-01,"MIZ348","Maromizaha_Rmad",2019-02-01,"Rousettus madagascariensis","female","L",50,72.43,1,18,-8.156593364,63.67828,24.11413,0.3895114
2019-02-01,"MIZ346","Maromizaha_Rmad",2019-02-01,"Rousettus madagascariensis","male","A",75,73.87,2,20,6.162441325,63.67828,24.11413,0.3895114
2019-02-01,"MIZ384","Maromizaha_Rmad",2019-02-24,"Rousettus madagascariensis","female","NL",50,68.9,1,3,-3.892170239,63.67828,24.11413,0.3895114
2019-02-01,"MIZ385","Maromizaha_Rmad",2019-02-24,"Rousettus madagascariensis","female","NL",68,71.9,NA,29,10.49077885,63.67828,24.11413,0.3895114
2019-02-01,"MIZ393","Maromizaha_Rmad",2019-02-24,"Rousettus madagascariensis","male","A",95,73,NA,15,27.62321576,63.67828,24.11413,0.3895114
2019-02-01,"MIZ396","Maromizaha_Rmad",2019-02-24,"Rousettus madagascariensis","male","A",70,74,NA,8,0.94296079,63.67828,24.11413,0.3895114
2019-02-01,"MIZ397","Maromizaha_Rmad",2019-02-24,"Rousettus madagascariensis","male","A",75,74.9,NA,16,4.414909397,63.67828,24.11413,0.3895114
2019-02-01,"MIZ398","Maromizaha_Rmad",2019-02-24,"Rousettus madagascariensis","male","A",75,77.1,NA,20,0.616788301,63.67828,24.11413,0.3895114
2019-02-01,"MIZ387","Maromizaha_Rmad",2019-02-24,"Rousettus madagascariensis","female","NL",55,72.2,1,19,-2.875352194,63.67828,24.11413,0.3895114
2019-02-01,"MIZ351","Maromizaha_Rmad",2019-02-01,"Rousettus madagascariensis","female","L",55,65.33,0,2,5.305602772,63.67828,24.11413,0.3895114
2019-02-01,"MIZ368","Maromizaha_Rmad",2019-02-01,"Rousettus madagascariensis","male","A",65,73.15,0,25,-2.627641013,63.67828,24.11413,0.3895114
2019-02-01,"MIZ358","Maromizaha_Rmad",2019-02-01,"Rousettus madagascariensis","female","L",60,67.76,0,11,7.460996501,63.67828,24.11413,0.3895114
2019-02-01,"MIZ349","Maromizaha_Rmad",2019-02-01,"Rousettus madagascariensis","male","A",65,52.03,0,3,NA,63.67828,24.11413,0.3895114
2019-02-01,"MIZ354","Maromizaha_Rmad",2019-02-01,"Rousettus madagascariensis","male","A",75,74.22,1,31,5.570819862,63.67828,24.11413,0.3895114
2019-02-01,"MIZ380","Maromizaha_Rmad",2019-02-23,"Rousettus madagascariensis","female","NL",60,71.7,NA,6,2.734421926,63.67828,24.11413,0.3895114
2019-02-01,"MIZ381","Maromizaha_Rmad",2019-02-23,"Rousettus madagascariensis","female","NL",60,70.8,NA,8,3.826403771,63.67828,24.11413,0.3895114
2019-02-01,"MIZ400","Maromizaha_Rmad",2019-02-24,"Rousettus madagascariensis","female","NL",50,69,2,19,-4.011432746,63.67828,24.11413,0.3895114
2019-04-01,"MIZ415","Maromizaha_Rmad",2019-04-09,"Rousettus madagascariensis","male","A",73,76.5,0,16,-0.33852721,68.62757,23.79208,0.45408076
2019-04-01,"MIZ416","Maromizaha_Rmad",2019-04-09,"Rousettus madagascariensis","male","A",67,71,0,1,2.928022981,68.62757,23.79208,0.45408076
2019-04-01,"MIZ406","Maromizaha_Rmad",2019-04-09,"Rousettus madagascariensis","male","A",65,75.1,1,6,-5.926689513,68.62757,23.79208,0.45408076
2019-04-01,"MIZ413","Maromizaha_Rmad",2019-04-09,"Rousettus madagascariensis","female","NL",55,69.6,0,7,0.271091085,68.62757,23.79208,0.45408076
2019-04-01,"MIZ417","Maromizaha_Rmad",2019-04-10,"Rousettus madagascariensis","male","A",80,73.36,0,19,12.02045858,68.62757,23.79208,0.45408076
2019-04-01,"MIZ403","Maromizaha_Rmad",2019-04-09,"Rousettus madagascariensis","male","A",75,74,1,19,5.94296079,68.62757,23.79208,0.45408076
2019-04-01,"MIZ404","Maromizaha_Rmad",2019-04-09,"Rousettus madagascariensis","male","A",75,72.3,0,12,8.788359038,68.62757,23.79208,0.45408076
2019-04-01,"MIZ405","Maromizaha_Rmad",2019-04-09,"Rousettus madagascariensis","male","A",70,68.5,0,14,9.954081182,68.62757,23.79208,0.45408076
2019-04-01,"MIZ407","Maromizaha_Rmad",2019-04-09,"Rousettus madagascariensis","male","A",60,68.9,0,10,-0.682222904,68.62757,23.79208,0.45408076
2019-04-01,"MIZ408","Maromizaha_Rmad",2019-04-09,"Rousettus madagascariensis","male","A",75,75,0,20,4.244202225,68.62757,23.79208,0.45408076
2019-04-01,"MIZ410","Maromizaha_Rmad",2019-04-09,"Rousettus madagascariensis","male","A",69,75.1,0,6,-1.926689513,68.62757,23.79208,0.45408076
2019-04-01,"MIZ411","Maromizaha_Rmad",2019-04-09,"Rousettus madagascariensis","female","NL",50,73.2,0,10,-9.101545638,68.62757,23.79208,0.45408076
2019-04-01,"MIZ412","Maromizaha_Rmad",2019-04-09,"Rousettus madagascariensis","female","NL",55,73.1,0,4,-3.978528801,68.62757,23.79208,0.45408076
2019-04-01,"MIZ426","Maromizaha_Rmad",2019-04-10,"Rousettus madagascariensis","male","A",65,72,0,14,-0.715080655,68.62757,23.79208,0.45408076
2019-04-01,"MIZ409","Maromizaha_Rmad",2019-04-11,"Rousettus madagascariensis","female","NL",55,71.4,0,1,-1.90078105,68.62757,23.79208,0.45408076
2019-04-01,"MIZ419","Maromizaha_Rmad",2019-04-10,"Rousettus madagascariensis","male","A",60,70,0,11,-2.447522712,68.62757,23.79208,0.45408076
2019-04-01,"MIZ420","Maromizaha_Rmad",2019-04-10,"Rousettus madagascariensis","female","NL",50,68.3,0,7,-3.178502013,68.62757,23.79208,0.45408076
2019-04-01,"MIZ421","Maromizaha_Rmad",2019-04-10,"Rousettus madagascariensis","male","A",40,67.2,0,9,-17.99869581,68.62757,23.79208,0.45408076
2019-04-01,"MIZ418","Maromizaha_Rmad",2019-04-10,"Rousettus madagascariensis","male","A",85,73.8,0,16,16.28049359,68.62757,23.79208,0.45408076
2019-04-01,"MIZ423","Maromizaha_Rmad",2019-04-10,"Rousettus madagascariensis","male","A",55,69.2,1,14,-6.161420498,68.62757,23.79208,0.45408076
2019-04-01,"MIZ425","Maromizaha_Rmad",2019-04-10,"Rousettus madagascariensis","female","NL",55,73,0,29,-3.855600141,68.62757,23.79208,0.45408076
2019-04-01,"MIZ424","Maromizaha_Rmad",2019-04-10,"Rousettus madagascariensis","male","A",65,72.4,0,17,-1.377532833,68.62757,23.79208,0.45408076
2019-04-01,"MIZ422","Maromizaha_Rmad",2019-04-10,"Rousettus madagascariensis","male","A",70,72,0,11,4.284919345,68.62757,23.79208,0.45408076
2019-05-01,"MIZ428","Maromizaha_Rmad",2019-05-21,"Rousettus madagascariensis","male","A",65,71.5,0,1,0.108799224,67.03,23.47756,0.09650531
2019-05-01,"MIZ433","Maromizaha_Rmad",2019-05-21,"Rousettus madagascariensis","male","A",65,70,0,9,2.552477288,67.03,23.47756,0.09650531
2019-05-01,"MIZ436","Maromizaha_Rmad",2019-05-21,"Rousettus madagascariensis","female","NL",50,68.8,0,14,-3.772998428,67.03,23.47756,0.09650531
2019-05-01,"MIZ438","Maromizaha_Rmad",2019-05-21,"Rousettus madagascariensis","male","A",67,74.1,0,7,-2.226083186,67.03,23.47756,0.09650531
2019-05-01,"MIZ439","Maromizaha_Rmad",2019-05-21,"Rousettus madagascariensis","male","A",55,72.9,1,20,-12.20977828,67.03,23.47756,0.09650531
2019-05-01,"MIZ442","Maromizaha_Rmad",2019-05-21,"Rousettus madagascariensis","male","A",75,73.5,1,20,6.785404192,67.03,23.47756,0.09650531
2019-05-01,"MIZ443","Maromizaha_Rmad",2019-05-21,"Rousettus madagascariensis","male","A",75,71.3,0,10,10.43704781,67.03,23.47756,0.09650531
2019-05-01,"MIZ446","Maromizaha_Rmad",2019-05-22,"Rousettus madagascariensis","male","A",65,71.4,0,13,0.273016662,67.03,23.47756,0.09650531
2019-05-01,"MIZ450","Maromizaha_Rmad",2019-05-22,"Rousettus madagascariensis","male","A",65,71.3,2,8,0.437047807,67.03,23.47756,0.09650531
2019-05-01,"MIZ444","Maromizaha_Rmad",2019-05-22,"Rousettus madagascariensis","male","A",65,71.1,1,6,0.764551016,67.03,23.47756,0.09650531
2019-05-01,"MIZ448","Maromizaha_Rmad",2019-05-22,"Rousettus madagascariensis","female","NL",40,63.8,0,20,NA,67.03,23.47756,0.09650531
2019-05-01,"MIZ451","Maromizaha_Rmad",2019-05-22,"Rousettus madagascariensis","male","A",70,62.8,1,11,18.69334952,67.03,23.47756,0.09650531
2019-05-01,"MIZ447","Maromizaha_Rmad",2019-05-22,"Rousettus madagascariensis","female","NL",55,63.3,0,5,7.639889143,67.03,23.47756,0.09650531
2019-05-01,"MIZ445","Maromizaha_Rmad",2019-05-22,"Rousettus madagascariensis","male","A",75,73.8,0,8,6.28049359,67.03,23.47756,0.09650531
2019-05-01,"MIZ449","Maromizaha_Rmad",2019-05-22,"Rousettus madagascariensis","female","NL",60,67.4,1,11,7.885848476,67.03,23.47756,0.09650531
2019-05-01,"MIZ435","Maromizaha_Rmad",2019-05-21,"Rousettus madagascariensis","male","A",65,68.8,1,12,4.477134582,67.03,23.47756,0.09650531
2019-05-01,"MIZ437","Maromizaha_Rmad",2019-05-21,"Rousettus madagascariensis","female","NL",35,60.1,0,2,NA,67.03,23.47756,0.09650531
2019-05-01,"MIZ431","Maromizaha_Rmad",2019-05-21,"Rousettus madagascariensis","male","A",65,71.9,1,14,-0.549932485,67.03,23.47756,0.09650531
2019-05-01,"MIZ440","Maromizaha_Rmad",2019-05-21,"Rousettus madagascariensis","male","A",60,70.4,0,11,-3.095063321,67.03,23.47756,0.09650531
2019-05-01,"MIZ441","Maromizaha_Rmad",2019-05-21,"Rousettus madagascariensis","male","A",50,70.2,0,22,-12.77091923,67.03,23.47756,0.09650531
2019-05-01,"MIZ429","Maromizaha_Rmad",2019-05-21,"Rousettus madagascariensis","male","A",65,71.9,0,6,-0.549932485,67.03,23.47756,0.09650531
2019-05-01,"MIZ432","Maromizaha_Rmad",2019-05-21,"Rousettus madagascariensis","male","A",75,74.1,0,8,5.773916814,67.03,23.47756,0.09650531
2019-05-01,"MIZ434","Maromizaha_Rmad",2019-05-21,"Rousettus madagascariensis","male","A",65,74.3,0,7,-4.564726056,67.03,23.47756,0.09650531
2019-07-01,"MIZ464","Maromizaha_Rmad",2019-07-03,"Rousettus madagascariensis","male","A",92,73.5,0,18,23.78540419,66.74992,19.38418,0.17399715
2019-07-01,"MIZ459","Maromizaha_Rmad",2019-07-03,"Rousettus madagascariensis","male","A",60,67.9,1,0,0.902903342,66.74992,19.38418,0.17399715
2019-07-01,"MIZ454","Maromizaha_Rmad",2019-07-03,"Rousettus madagascariensis","male","A",67,77.8,2,1,-8.610363466,66.74992,19.38418,0.17399715
2019-07-01,"MIZ452","Maromizaha_Rmad",2019-07-03,"Rousettus madagascariensis","male","A",72,70.8,0,4,8.254407383,66.74992,19.38418,0.17399715
2019-07-01,"MIZ453","Maromizaha_Rmad",2019-07-03,"Rousettus madagascariensis","male","A",70,72.8,0,1,2.957042129,66.74992,19.38418,0.17399715
2019-07-01,"MIZ465","Maromizaha_Rmad",2019-07-03,"Rousettus madagascariensis","male","A",65,65.1,2,3,10.24102952,66.74992,19.38418,0.17399715
2019-07-01,"MIZ457","Maromizaha_Rmad",2019-07-03,"Rousettus madagascariensis","male","A",75,69.9,0,11,12.71389508,66.74992,19.38418,0.17399715
2019-07-01,"MIZ466","Maromizaha_Rmad",2019-07-03,"Rousettus madagascariensis","male","A",75,75.9,0,4,2.69953782,66.74992,19.38418,0.17399715
2019-07-01,"MIZ460","Maromizaha_Rmad",2019-07-03,"Rousettus madagascariensis","male","A",80,72,6,5,14.28491934,66.74992,19.38418,0.17399715
2019-07-01,"MIZ455","Maromizaha_Rmad",2019-07-03,"Rousettus madagascariensis","male","A",80,73,1,4,12.62321576,66.74992,19.38418,0.17399715
2019-08-01,"MIZ472","Maromizaha_Rmad",2019-08-22,"Rousettus madagascariensis","female","NL",48,66.2,0,0,NA,58.99271,18.59707,0.06706517
2019-08-01,"MIZ479","Maromizaha_Rmad",2019-08-23,"Rousettus madagascariensis","male","A",75,68.7,0,4,14.63630446,58.99271,18.59707,0.06706517
2019-08-01,"MIZ470","Maromizaha_Rmad",2019-08-22,"Rousettus madagascariensis","male","A",70,70.2,1,4,7.229080771,58.99271,18.59707,0.06706517
2019-08-01,"MIZ480","Maromizaha_Rmad",2019-08-23,"Rousettus madagascariensis","male","A",65,70.2,1,1,2.229080771,58.99271,18.59707,0.06706517
2019-08-01,"MIZ474","Maromizaha_Rmad",2019-08-23,"Rousettus madagascariensis","male","A",65,68.9,3,2,4.317777096,58.99271,18.59707,0.06706517
2019-08-01,"MIZ473","Maromizaha_Rmad",2019-08-22,"Rousettus madagascariensis","female","NL",60,72.9,0,7,1.267240283,58.99271,18.59707,0.06706517
2019-08-01,"MIZ468","Maromizaha_Rmad",2019-08-22,"Rousettus madagascariensis","male","A",70,73.1,2,3,2.456024279,58.99271,18.59707,0.06706517
2019-08-01,"MIZ467","Maromizaha_Rmad",2019-08-22,"Rousettus madagascariensis","male","A",65,72,0,3,-0.715080655,58.99271,18.59707,0.06706517
2019-08-01,"MIZ469","Maromizaha_Rmad",2019-08-22,"Rousettus madagascariensis","male","A",45,64.1,0,3,NA,58.99271,18.59707,0.06706517
2019-08-01,"MIZ471","Maromizaha_Rmad",2019-08-22,"Rousettus madagascariensis","male","A",70,70.1,3,5,NA,58.99271,18.59707,0.06706517
2019-08-01,"MIZ481","Maromizaha_Rmad",2019-08-23,"Rousettus madagascariensis","male","A",68,69.8,11,4,5.875125826,58.99271,18.59707,0.06706517
2019-08-01,"MIZ487","Maromizaha_Rmad",2019-08-23,"Rousettus madagascariensis","male","A",70,69,0,1,9.158232053,58.99271,18.59707,0.06706517
2019-08-01,"MIZ475","Maromizaha_Rmad",2019-08-23,"Rousettus madagascariensis","male","A",70,70.5,2,2,6.742584419,58.99271,18.59707,0.06706517
2019-08-01,"MIZ482","Maromizaha_Rmad",2019-08-23,"Rousettus madagascariensis","male","A",68,73.5,2,8,-0.214595808,58.99271,18.59707,0.06706517
2019-08-01,"MIZ486","Maromizaha_Rmad",2019-08-23,"Rousettus madagascariensis","male","A",65,71,1,2,0.928022981,58.99271,18.59707,0.06706517
2019-08-01,"MIZ484","Maromizaha_Rmad",2019-08-23,"Rousettus madagascariensis","male","A",75,73.8,1,4,6.28049359,58.99271,18.59707,0.06706517
2019-08-01,"MIZ476","Maromizaha_Rmad",2019-08-23,"Rousettus madagascariensis","male","A",60,70.8,0,1,-3.745592617,58.99271,18.59707,0.06706517
2019-08-01,"MIZ477","Maromizaha_Rmad",2019-08-23,"Rousettus madagascariensis","male","A",75,74.3,0,2,5.435273944,58.99271,18.59707,0.06706517
2019-08-01,"MIZ485","Maromizaha_Rmad",2019-08-23,"Rousettus madagascariensis","male","A",70,75.2,5,3,-1.097765769,58.99271,18.59707,0.06706517
2019-08-01,"MIZ483","Maromizaha_Rmad",2019-08-23,"Rousettus madagascariensis","male","A",61,71,0,4,-3.071977019,58.99271,18.59707,0.06706517
2019-09-01,"MIZ497","Maromizaha_Rmad",2019-09-18,"Rousettus madagascariensis","male","A",70,72.2,2,9,3.954065058,57.11576,18.78387,0.065066256
2019-09-01,"MIZ489","Maromizaha_Rmad",2019-09-18,"Rousettus madagascariensis","male","A",75,71.2,1,0,10.60089261,57.11576,18.78387,0.065066256
2019-09-01,"MIZ491","Maromizaha_Rmad",2019-09-18,"Rousettus madagascariensis","male","A",65,74.8,0,2,-5.414568042,57.11576,18.78387,0.065066256
2019-09-01,"MIZ503","Maromizaha_Rmad",2019-09-18,"Rousettus madagascariensis","male","A",68,68.9,0,2,7.317777096,57.11576,18.78387,0.065066256
2019-09-01,"MIZ493","Maromizaha_Rmad",2019-09-18,"Rousettus madagascariensis","male","A",45,58.9,1,8,-0.68387712,57.11576,18.78387,0.065066256
2019-09-01,"MIZ499","Maromizaha_Rmad",2019-09-18,"Rousettus madagascariensis","male","A",65,71.7,0,3,-0.220194339,57.11576,18.78387,0.065066256
2019-09-01,"MIZ500","Maromizaha_Rmad",2019-09-18,"Rousettus madagascariensis","female","NL",55,69.1,2,15,0.869214113,57.11576,18.78387,0.065066256
2019-09-01,"MIZ498","Maromizaha_Rmad",2019-09-18,"Rousettus madagascariensis","female","NL",65,74.2,0,10,4.663448747,57.11576,18.78387,0.065066256
2019-09-01,"MIZ501","Maromizaha_Rmad",2019-09-18,"Rousettus madagascariensis","female","NL",67,71,0,6,10.58436631,57.11576,18.78387,0.065066256
2019-09-01,"MIZ505","Maromizaha_Rmad",2019-09-18,"Rousettus madagascariensis","male","A",71,70.5,0,2,7.742584419,57.11576,18.78387,0.065066256
2019-09-01,"MIZ490","Maromizaha_Rmad",2019-09-18,"Rousettus madagascariensis","male","A",60,71.2,0,2,-4.399107392,57.11576,18.78387,0.065066256
2019-09-01,"MIZ488","Maromizaha_Rmad",2019-09-18,"Rousettus madagascariensis","male","A",66,70.6,0,5,2.580045416,57.11576,18.78387,0.065066256
2019-09-01,"MIZ492","Maromizaha_Rmad",2019-09-18,"Rousettus madagascariensis","female","NL",48,70.3,1,9,-7.570070402,57.11576,18.78387,0.065066256
2019-09-01,"MIZ502","Maromizaha_Rmad",2019-09-18,"Rousettus madagascariensis","male","A",68,72,0,0,2.284919345,57.11576,18.78387,0.065066256
2019-09-01,"MIZ496","Maromizaha_Rmad",2019-09-18,"Rousettus madagascariensis","male","A",70,70.4,2,1,6.904936679,57.11576,18.78387,0.065066256
2019-09-01,"MIZ495","Maromizaha_Rmad",2019-09-18,"Rousettus madagascariensis","male","A",75,72.1,0,2,9.119585176,57.11576,18.78387,0.065066256
2019-09-01,"MIZ506","Maromizaha_Rmad",2019-09-18,"Rousettus madagascariensis","male","A",67,69.4,3,13,5.518177341,57.11576,18.78387,0.065066256
2019-09-01,"MIZ510","Maromizaha_Rmad",2019-09-19,"Rousettus madagascariensis","male","A",61,69.6,0,0,-0.80297402,57.11576,18.78387,0.065066256
2019-09-01,"MIZ517","Maromizaha_Rmad",2019-09-19,"Rousettus madagascariensis","male","A",71,73,0,3,3.623215758,57.11576,18.78387,0.065066256
2019-09-01,"MIZ513","Maromizaha_Rmad",2019-09-19,"Rousettus madagascariensis","male","A",68,71.6,0,3,2.94439554,57.11576,18.78387,0.065066256
2019-09-01,"MIZ518","Maromizaha_Rmad",2019-09-19,"Rousettus madagascariensis","male","A",70,70,0,1,7.552477288,57.11576,18.78387,0.065066256
2019-09-01,"MIZ516","Maromizaha_Rmad",2019-09-19,"Rousettus madagascariensis","female","NL",55,74,0,2,-5.088847895,57.11576,18.78387,0.065066256
2019-09-01,"MIZ511","Maromizaha_Rmad",2019-09-19,"Rousettus madagascariensis","male","A",70,67.7,0,0,11.21767333,57.11576,18.78387,0.065066256
2019-09-01,"MIZ519","Maromizaha_Rmad",2019-09-19,"Rousettus madagascariensis","male","A",63,72,0,7,-2.715080655,57.11576,18.78387,0.065066256
2019-09-01,"MIZ494","Maromizaha_Rmad",2019-09-19,"Rousettus madagascariensis","male","A",60,58.8,0,1,14.45644769,57.11576,18.78387,0.065066256
2019-09-01,"MIZ509","Maromizaha_Rmad",2019-09-19,"Rousettus madagascariensis","male","A",70,65.5,1,3,14.63036937,57.11576,18.78387,0.065066256
2019-09-01,"MIZ508","Maromizaha_Rmad",2019-09-19,"Rousettus madagascariensis","male","A",55,69.4,0,2,-6.481822659,57.11576,18.78387,0.065066256
2019-09-01,"MIZ507","Maromizaha_Rmad",2019-09-19,"Rousettus madagascariensis","male","A",65,72,1,1,-0.715080655,57.11576,18.78387,0.065066256
2019-10-01,"MIZ528","Maromizaha_Rmad",2019-10-15,"Rousettus madagascariensis","male","A",68,74.8,0,2,-2.414568042,53.29573,19.66894,0.0667356
2019-10-01,"MIZ532","Maromizaha_Rmad",2019-10-15,"Rousettus madagascariensis","male","A",70,72.7,0,9,3.123676924,53.29573,19.66894,0.0667356
2019-10-01,"MIZ536","Maromizaha_Rmad",2019-10-15,"Rousettus madagascariensis","male","A",68,69.7,0,15,6.036169476,53.29573,19.66894,0.0667356
2019-10-01,"MIZ524","Maromizaha_Rmad",2019-10-15,"Rousettus madagascariensis","female","NL",56,69,0,4,1.988567254,53.29573,19.66894,0.0667356
2019-10-01,"MIZ521","Maromizaha_Rmad",2019-10-15,"Rousettus madagascariensis","female","NL",55,68.8,1,1,1.227001572,53.29573,19.66894,0.0667356
2019-10-01,"MIZ531","Maromizaha_Rmad",2019-10-15,"Rousettus madagascariensis","female","NL",45,65.5,0,3,-4.891626788,53.29573,19.66894,0.0667356
2019-10-01,"MIZ530","Maromizaha_Rmad",2019-10-15,"Rousettus madagascariensis","male","A",65,71.2,0,5,0.600892608,53.29573,19.66894,0.0667356
2019-10-01,"MIZ538","Maromizaha_Rmad",2019-10-16,"Rousettus madagascariensis","male","A",68,67.8,0,12,9.060382403,53.29573,19.66894,0.0667356
2019-10-01,"MIZ543","Maromizaha_Rmad",2019-10-16,"Rousettus madagascariensis","female","NL",60,71.8,4,16,2.612644853,53.29573,19.66894,0.0667356
2019-10-01,"MIZ539","Maromizaha_Rmad",2019-10-16,"Rousettus madagascariensis","male","A",62,71.3,1,2,-2.562952193,53.29573,19.66894,0.0667356
2019-10-01,"MIZ542","Maromizaha_Rmad",2019-10-16,"Rousettus madagascariensis","male","A",66,71.7,0,2,0.779805661,53.29573,19.66894,0.0667356
2019-10-01,"MIZ548","Maromizaha_Rmad",2019-10-16,"Rousettus madagascariensis","male","A",65,70.5,0,4,16.46507286,53.29573,19.66894,0.0667356
2019-10-01,"MIZ548","Maromizaha_Rmad",2019-10-16,"Rousettus madagascariensis","male","A",65,70.5,0,4,1.742584419,53.29573,19.66894,0.0667356
2019-10-01,"MIZ541","Maromizaha_Rmad",2019-10-16,"Rousettus madagascariensis","male","A",45,68.5,3,1,-15.04591882,53.29573,19.66894,0.0667356
2019-10-01,"MIZ549","Maromizaha_Rmad",2019-10-16,"Rousettus madagascariensis","male","A",68,51.9,2,9,12.87512583,53.29573,19.66894,0.0667356
2019-10-01,"MIZ549","Maromizaha_Rmad",2019-10-16,"Rousettus madagascariensis","male","A",68,51.9,2,9,31.66855709,53.29573,19.66894,0.0667356
2019-10-01,"MIZ546","Maromizaha_Rmad",2019-10-16,"Rousettus madagascariensis","male","A",60,70.1,1,2,-2.609127499,53.29573,19.66894,0.0667356
2019-10-01,"MIZ545","Maromizaha_Rmad",2019-10-16,"Rousettus madagascariensis","male","A",75,69.8,1,4,0.612644853,53.29573,19.66894,0.0667356
2019-10-01,"MIZ545","Maromizaha_Rmad",2019-10-16,"Rousettus madagascariensis","male","A",75,69.8,1,4,12.87512583,53.29573,19.66894,0.0667356
2019-10-01,"MIZ537","Maromizaha_Rmad",2019-10-15,"Rousettus madagascariensis","male","A",60,70.5,2,6,-3.257415581,53.29573,19.66894,0.0667356
2019-10-01,"MIZ527","Maromizaha_Rmad",2019-10-15,"Rousettus madagascariensis","male","A",67,71.4,0,4,2.273016662,53.29573,19.66894,0.0667356
2019-10-01,"MIZ534","Maromizaha_Rmad",2019-10-15,"Rousettus madagascariensis","female","NL",NA,69.8,1,10,NA,53.29573,19.66894,0.0667356
2019-10-01,"MIZ522","Maromizaha_Rmad",2019-10-15,"Rousettus madagascariensis","female","NL",55,72.2,0,9,-2.875352194,53.29573,19.66894,0.0667356
2019-10-01,"MIZ535","Maromizaha_Rmad",2019-10-15,"Rousettus madagascariensis","male","A",70,72.6,0,3,3.290126061,53.29573,19.66894,0.0667356
2019-10-01,"MIZ529","Maromizaha_Rmad",2019-10-15,"Rousettus madagascariensis","female","NL",44.5,69.9,1,2,-10.58886636,53.29573,19.66894,0.0667356
2019-10-01,"MIZ520","Maromizaha_Rmad",2019-10-15,"Rousettus madagascariensis","female","NL",55,65,0,1,5.687692427,53.29573,19.66894,0.0667356
2019-10-01,"MIZ526","Maromizaha_Rmad",2019-10-15,"Rousettus madagascariensis","female","NL",69,67.5,0,2,16.76795306,53.29573,19.66894,0.0667356
2019-11-01,"MIZ544","Maromizaha_Rmad",2019-11-13,"Rousettus madagascariensis","male","A",120,73.1,0,1,52.45602428,60.86359,21.79132,0.02840976
2019-11-01,"MIZ554","Maromizaha_Rmad",2019-11-13,"Rousettus madagascariensis","female","P",67,70.7,0,9,10.94728824,60.86359,21.79132,0.02840976
2019-11-01,"MIZ557","Maromizaha_Rmad",2019-11-13,"Rousettus madagascariensis","male","A",67,75.7,0,9,-4.955913201,60.86359,21.79132,0.02840976
2019-11-01,"MIZ545","Maromizaha_Rmad",2019-11-13,"Rousettus madagascariensis","female","NL",58,71.8,0,12,12.87512583,60.86359,21.79132,0.02840976
2019-11-01,"MIZ545","Maromizaha_Rmad",2019-11-13,"Rousettus madagascariensis","female","NL",58,71.8,0,12,0.612644853,60.86359,21.79132,0.02840976
2019-11-01,"MIZ552","Maromizaha_Rmad",2019-11-13,"Rousettus madagascariensis","male","A",61,73.6,0,6,-7.382714132,60.86359,21.79132,0.02840976
2019-11-01,"MIZ553","Maromizaha_Rmad",2019-11-13,"Rousettus madagascariensis","male","A",67,68.3,0,13,7.271106847,60.86359,21.79132,0.02840976
2019-11-01,"MIZ548","Maromizaha_Rmad",2019-11-13,"Rousettus madagascariensis","female","NL",70,68.6,0,9,16.46507286,60.86359,21.79132,0.02840976
2019-11-01,"MIZ549","Maromizaha_Rmad",2019-11-13,"Rousettus madagascariensis","male","A",75,69.8,0,10,31.66855709,60.86359,21.79132,0.02840976
2019-11-01,"MIZ549","Maromizaha_Rmad",2019-11-13,"Rousettus madagascariensis","male","A",75,69.8,0,10,12.87512583,60.86359,21.79132,0.02840976
2019-11-01,"MIZ559","Maromizaha_Rmad",2019-11-13,"Rousettus madagascariensis","male","A",65,69.8,3,2,2.875125826,60.86359,21.79132,0.02840976
2019-11-01,"MIZ556","Maromizaha_Rmad",2019-11-13,"Rousettus madagascariensis","male","A",70,72.4,0,6,3.622467167,60.86359,21.79132,0.02840976
2019-11-01,"MIZ555","Maromizaha_Rmad",2019-11-13,"Rousettus madagascariensis","male","A",62,70.8,1,3,-1.745592617,60.86359,21.79132,0.02840976
2019-11-01,"MIZ558","Maromizaha_Rmad",2019-11-13,"Rousettus madagascariensis","male","A",66,75.9,1,2,-6.30046218,60.86359,21.79132,0.02840976
2019-11-01,"MIZ547","Maromizaha_Rmad",2019-11-13,"Rousettus madagascariensis","male","A",75,69.2,0,4,13.8385795,60.86359,21.79132,0.02840976
2019-11-01,"MIZ550","Maromizaha_Rmad",2019-11-13,"Rousettus madagascariensis","male","A",79.5,70.7,0,4,15.91731972,60.86359,21.79132,0.02840976
2019-11-01,"MIZ565","Maromizaha_Rmad",2019-11-14,"Rousettus madagascariensis","female","P",60,66.6,0,3,8.825706937,60.86359,21.79132,0.02840976
2019-11-01,"MIZ561","Maromizaha_Rmad",2019-11-14,"Rousettus madagascariensis","male","A",74.5,71.2,0,7,10.10089261,60.86359,21.79132,0.02840976
2019-11-01,"MIZ566","Maromizaha_Rmad",2019-11-14,"Rousettus madagascariensis","male","A",64,73.8,1,9,-4.71950641,60.86359,21.79132,0.02840976
2019-11-01,"MIZ563","Maromizaha_Rmad",2019-11-14,"Rousettus madagascariensis","male","A",74.5,70.6,2,5,11.08004542,60.86359,21.79132,0.02840976
2019-11-01,"MIZ569","Maromizaha_Rmad",2019-11-14,"Rousettus madagascariensis","male","A",65,72.9,0,1,-2.209778276,60.86359,21.79132,0.02840976
2019-11-01,"MIZ564","Maromizaha_Rmad",2019-11-14,"Rousettus madagascariensis","male","A",65.5,71.1,0,0,1.264551016,60.86359,21.79132,0.02840976
2019-11-01,"MIZ548","Maromizaha_Rmad",2019-11-13,"Rousettus madagascariensis","female","NL",70,68.6,0,9,1.742584419,60.86359,21.79132,0.02840976
2019-11-01,"MIZ551","Maromizaha_Rmad",2019-11-13,"Rousettus madagascariensis","male","A",65,69.9,0,1,2.71389508,60.86359,21.79132,0.02840976
2019-11-01,"MIZ568","Maromizaha_Rmad",2019-11-14,"Rousettus madagascariensis","male","A",67,74.4,2,3,-2.734324854,60.86359,21.79132,0.02840976
2019-11-01,"MIZ560","Maromizaha_Rmad",2019-11-14,"Rousettus madagascariensis","male","A",65,70.3,1,17,2.067102147,60.86359,21.79132,0.02840976
2019-11-01,"MIZ567","Maromizaha_Rmad",2019-11-14,"Rousettus madagascariensis","male","A",66,75,3,8,-4.755797775,60.86359,21.79132,0.02840976
2019-11-01,"MIZ562","Maromizaha_Rmad",2019-11-14,"Rousettus madagascariensis","male","A",70,66.6,4,5,12.93544187,60.86359,21.79132,0.02840976
2019-12-01,"MIZ574","Maromizaha_Rmad",2019-12-10,"Rousettus madagascariensis","male","A",74,65.4,0,2,18.78331859,63.88927,23.27038,0.34100306
2019-12-01,"MIZ572","Maromizaha_Rmad",2019-12-10,"Rousettus madagascariensis","male","A",91,73.9,5,18,22.11181973,63.88927,23.27038,0.34100306
2019-12-01,"MIZ589","Maromizaha_Rmad",2019-12-10,"Rousettus madagascariensis","male","A",83,71.9,0,2,17.45006751,63.88927,23.27038,0.34100306
2019-12-01,"MIZ578","Maromizaha_Rmad",2019-12-10,"Rousettus madagascariensis","male","A",NA,72.6,0,15,NA,63.88927,23.27038,0.34100306
2019-12-01,"MIZ575","Maromizaha_Rmad",2019-12-10,"Rousettus madagascariensis","male","A",78,NA,1,6,NA,63.88927,23.27038,0.34100306
2019-12-01,"MIZ579","Maromizaha_Rmad",2019-12-10,"Rousettus madagascariensis","male","A",80,73.1,0,7,12.45602428,63.88927,23.27038,0.34100306
2019-12-01,"MIZ586","Maromizaha_Rmad",2019-12-10,"Rousettus madagascariensis","male","A",88,75.8,0,14,15.87190441,63.88927,23.27038,0.34100306
2019-12-01,"MIZ580","Maromizaha_Rmad",2019-12-10,"Rousettus madagascariensis","male","A",80,73.8,0,14,11.28049359,63.88927,23.27038,0.34100306
2019-12-01,"MIZ584","Maromizaha_Rmad",2019-12-10,"Rousettus madagascariensis","male","A",73,71.3,0,7,8.437047807,63.88927,23.27038,0.34100306
2019-12-01,"MIZ587","Maromizaha_Rmad",2019-12-10,"Rousettus madagascariensis","male","A",64,69.6,0,0,2.19702598,63.88927,23.27038,0.34100306
2019-12-01,"MIZ581","Maromizaha_Rmad",2019-12-10,"Rousettus madagascariensis","male","A",65,69.4,2,10,3.518177341,63.88927,23.27038,0.34100306
2019-12-01,"MIZ585","Maromizaha_Rmad",2019-12-10,"Rousettus madagascariensis","male","A",58.5,70.2,0,2,-4.270919229,63.88927,23.27038,0.34100306
2019-12-01,"MIZ588","Maromizaha_Rmad",2019-12-10,"Rousettus madagascariensis","male","A",78,70.9,0,1,14.09130845,63.88927,23.27038,0.34100306
2019-12-01,"MIZ576","Maromizaha_Rmad",2019-12-10,"Rousettus madagascariensis","male","A",78,76.1,0,3,5.354252247,63.88927,23.27038,0.34100306
2019-12-01,"MIZ573","Maromizaha_Rmad",2019-12-10,"Rousettus madagascariensis","male","A",78,68.9,0,4,17.3177771,63.88927,23.27038,0.34100306
2019-12-01,"MIZ595","Maromizaha_Rmad",2019-12-11,"Rousettus madagascariensis","male","A",70,71.5,1,14,5.108799224,63.88927,23.27038,0.34100306
2019-12-01,"MIZ597","Maromizaha_Rmad",2019-12-11,"Rousettus madagascariensis","male","A",65,69.7,0,9,3.036169476,63.88927,23.27038,0.34100306
2019-12-01,"MIZ591","Maromizaha_Rmad",2019-12-11,"Rousettus madagascariensis","male","A",60,70.8,0,1,-3.745592617,63.88927,23.27038,0.34100306
2019-12-01,"MIZ590","Maromizaha_Rmad",2019-12-11,"Rousettus madagascariensis","male","A",78,69.3,0,3,16.6784721,63.88927,23.27038,0.34100306
2019-12-01,"MIZ596","Maromizaha_Rmad",2019-12-11,"Rousettus madagascariensis","male","A",73,72.6,2,10,6.290126061,63.88927,23.27038,0.34100306
2019-12-01,"MIZ571","Maromizaha_Rmad",2019-12-10,"Rousettus madagascariensis","male","A",83,69.4,0,13,21.51817734,63.88927,23.27038,0.34100306
2019-12-01,"MIZ583","Maromizaha_Rmad",2019-12-10,"Rousettus madagascariensis","male","A",80,74.2,1,11,10.60468785,63.88927,23.27038,0.34100306
2019-12-01,"MIZ570","Maromizaha_Rmad",2019-12-10,"Rousettus madagascariensis","male","A",78,69.8,1,6,15.87512583,63.88927,23.27038,0.34100306
2019-12-01,"MIZ577","Maromizaha_Rmad",2019-12-10,"Rousettus madagascariensis","male","A",88,74.1,0,13,18.77391681,63.88927,23.27038,0.34100306
2019-12-01,"MIZ582","Maromizaha_Rmad",2019-12-10,"Rousettus madagascariensis","male","A",74,73.8,0,13,5.28049359,63.88927,23.27038,0.34100306
2019-12-01,"MIZ592","Maromizaha_Rmad",2019-12-11,"Rousettus madagascariensis","male","A",69,69.6,0,1,7.19702598,63.88927,23.27038,0.34100306
2019-12-01,"MIZ593","Maromizaha_Rmad",2019-12-11,"Rousettus madagascariensis","male","A",62,71.1,0,1,-2.235448984,63.88927,23.27038,0.34100306
2019-12-01,"MIZ594","Maromizaha_Rmad",2019-12-11,"Rousettus madagascariensis","male","A",68,70.4,1,18,4.904936679,63.88927,23.27038,0.34100306
2020-01-01,"MIZ602","Maromizaha_Rmad",2020-01-31,"Rousettus madagascariensis","male","A",70,71.5,1,3,5.108799224,NA,NA,NA
2020-01-01,"MIZ609","Maromizaha_Rmad",2020-01-31,"Rousettus madagascariensis","male","A",80,72.5,1,9,13.45638949,NA,NA,NA
2020-01-01,"MIZ601","Maromizaha_Rmad",2020-01-31,"Rousettus madagascariensis","male","A",75,70,0,3,12.55247729,NA,NA,NA
2020-01-01,"MIZ611","Maromizaha_Rmad",2020-01-31,"Rousettus madagascariensis","male","A",65,68,0,6,5.745236203,NA,NA,NA
2020-01-01,"MIZ627","Maromizaha_Rmad",2020-01-31,"Rousettus madagascariensis","female","NL",68,71.2,0,8,11.34197121,NA,NA,NA
2020-01-01,"MIZ617","Maromizaha_Rmad",2020-01-31,"Rousettus madagascariensis","male","A",60,65,0,7,5.39322073,NA,NA,NA
2020-01-01,"MIZ618","Maromizaha_Rmad",2020-01-31,"Rousettus madagascariensis","female","P",74.5,70,0,4,19.29096759,NA,NA,NA
2020-01-01,"MIZ620","Maromizaha_Rmad",2020-01-31,"Rousettus madagascariensis","male","A",67,71,2,8,2.928022981,NA,NA,NA
2020-01-01,"MIZ605","Maromizaha_Rmad",2020-01-31,"Rousettus madagascariensis","female","NL",61,69,1,2,6.988567254,NA,NA,NA
2020-01-01,"MIZ624","Maromizaha_Rmad",2020-01-31,"Rousettus madagascariensis","male","A",80,76,5,16,7.526987084,NA,NA,NA
2020-01-01,"MIZ610","Maromizaha_Rmad",2020-01-31,"Rousettus madagascariensis","male","A",66,69.7,4,7,4.036169476,NA,NA,NA
2020-01-01,"MIZ604","Maromizaha_Rmad",2020-01-31,"Rousettus madagascariensis","male","A",76,72.4,0,23,9.622467167,NA,NA,NA
2020-01-01,"MIZ628","Maromizaha_Rmad",2020-01-31,"Rousettus madagascariensis","male","A",77,74.5,0,7,7.095891501,NA,NA,NA
2020-01-01,"MIZ614","Maromizaha_Rmad",2020-01-31,"Rousettus madagascariensis","male","A",70,79.5,0,5,-8.627949674,NA,NA,NA
2020-01-01,"MIZ603","Maromizaha_Rmad",2020-01-31,"Rousettus madagascariensis","male","A",75,71.8,0,13,9.615029636,NA,NA,NA
2020-01-01,"MIZ615","Maromizaha_Rmad",2020-01-31,"Rousettus madagascariensis","female","P",60,68,0,13,7.177103449,NA,NA,NA
2020-01-01,"MIZ608","Maromizaha_Rmad",2020-01-31,"Rousettus madagascariensis","male","A",75,76,0,3,2.526987084,NA,NA,NA
2020-01-01,"MIZ600","Maromizaha_Rmad",2020-01-31,"Rousettus madagascariensis","male","A",50,71,3,2,-14.07197702,NA,NA,NA
2020-01-01,"MIZ621","Maromizaha_Rmad",2020-01-31,"Rousettus madagascariensis","male","A",70,70,0,10,7.552477288,NA,NA,NA
2020-01-01,"MIZ626","Maromizaha_Rmad",2020-01-31,"Rousettus madagascariensis","male","A",75,72.4,1,13,8.622467167,NA,NA,NA
2020-01-01,"MIZ599","Maromizaha_Rmad",2020-01-31,"Rousettus madagascariensis","male","A",69,71.2,0,6,4.600892608,NA,NA,NA
2020-01-01,"MIZ623","Maromizaha_Rmad",2020-01-31,"Rousettus madagascariensis","male","A",60,68,0,13,0.745236203,NA,NA,NA
2020-01-01,"MIZ606","Maromizaha_Rmad",2020-01-31,"Rousettus madagascariensis","male","A",75,71,1,9,10.92802298,NA,NA,NA
2020-01-01,"MIZ625","Maromizaha_Rmad",2020-01-31,"Rousettus madagascariensis","male","A",75,69,0,8,14.15823205,NA,NA,NA
2020-01-01,"MIZ622","Maromizaha_Rmad",2020-01-31,"Rousettus madagascariensis","male","A",75,74.5,0,5,5.095891501,NA,NA,NA
2020-01-01,"MIZ616","Maromizaha_Rmad",2020-01-31,"Rousettus madagascariensis","male","A",75,66,0,5,18.86278389,NA,NA,NA
2020-01-01,"MIZ612","Maromizaha_Rmad",2020-01-31,"Rousettus madagascariensis","female","L",94,80,2,9,NA,NA,NA,NA
2020-01-01,"MIZ607","Maromizaha_Rmad",2020-01-31,"Rousettus madagascariensis","male","A",76,74.5,0,3,6.095891501,NA,NA,NA
2020-01-01,"MIZ619","Maromizaha_Rmad",2020-01-31,"Rousettus madagascariensis","male","A",85,79,0,3,7.265061457,NA,NA,NA
2020-03-01,"MIZ631","Maromizaha_Rmad",2020-03-09,"Rousettus madagascariensis","male","A",58,73,0,3,-9.376784242,NA,NA,NA
2020-03-01,"MIZ640","Maromizaha_Rmad",2020-03-09,"Rousettus madagascariensis","male","A",NA,70,NA,8,NA,NA,NA,NA
2020-03-01,"MIZ630","Maromizaha_Rmad",2020-03-09,"Rousettus madagascariensis","male","A",95,70,0,19,32.55247729,NA,NA,NA
2020-03-01,"MIZ635","Maromizaha_Rmad",2020-03-09,"Rousettus madagascariensis","female","NL",70,70,0,5,14.79096759,NA,NA,NA
2020-03-01,"MIZ641","Maromizaha_Rmad",2020-03-09,"Rousettus madagascariensis","male","A",75,70,0,13,12.55247729,NA,NA,NA
2020-03-01,"MIZ638","Maromizaha_Rmad",2020-03-09,"Rousettus madagascariensis","male","A",70,63,0,10,18.39714632,NA,NA,NA
2020-03-01,"MIZ634","Maromizaha_Rmad",2020-03-09,"Rousettus madagascariensis","male","A",70,72.2,2,4,3.954065058,NA,NA,NA
2020-03-01,"MIZ639","Maromizaha_Rmad",2020-03-09,"Rousettus madagascariensis","male","A",65,74,1,10,-4.05703921,NA,NA,NA
2020-03-01,"MIZ629","Maromizaha_Rmad",2020-03-09,"Rousettus madagascariensis","male","A",50,70,0,6,-12.44752271,NA,NA,NA
2020-03-01,"MIZ633","Maromizaha_Rmad",2020-03-09,"Rousettus madagascariensis","female","NL",55,71,1,5,-1.41563369,NA,NA,NA
2020-03-01,"MIZ636","Maromizaha_Rmad",2020-03-09,"Rousettus madagascariensis","male","A",70,79,4,33,-7.734938543,NA,NA,NA
2020-03-01,"MIZ632","Maromizaha_Rmad",2020-03-09,"Rousettus madagascariensis","male","A",95,74,1,10,25.94296079,NA,NA,NA
2020-03-01,"MIZ642","Maromizaha_Rmad",2020-03-09,"Rousettus madagascariensis","male","A",65,66,0,25,8.862783894,NA,NA,NA
2020-03-01,"MIZ649","Maromizaha_Rmad",2020-03-10,"Rousettus madagascariensis","male","A",60,68.6,1,6,-0.204713323,NA,NA,NA
2020-03-01,"MIZ637","Maromizaha_Rmad",2020-03-09,"Rousettus madagascariensis","female","NL",70,74,4,8,9.911152105,NA,NA,NA
2020-03-01,"MIZ650","Maromizaha_Rmad",2020-03-10,"Rousettus madagascariensis","female","NL",60,69,0,6,5.988567254,NA,NA,NA
2020-03-01,"MIZ648","Maromizaha_Rmad",2020-03-10,"Rousettus madagascariensis","female","NL",NA,67,1,17,NA,NA,NA,NA
2020-03-01,"MIZ644","Maromizaha_Rmad",2020-03-10,"Rousettus madagascariensis","female","NL",94,70.5,6,6,38.18878834,NA,NA,NA
2020-03-01,"MIZ647","Maromizaha_Rmad",2020-03-10,"Rousettus madagascariensis","male","A",95,71.5,0,8,30.10879922,NA,NA,NA
